<?xml version="1.0" encoding="UTF-8" standalone="yes"?>

<addon id="plugin.video.vtest" name="My First Add-on Testing" version="1.1.1" provider-name="kokobarasi">
	<requires>
		<import addon="xbmc.python" version="2.19.0"/>
		<import addon="script.module.beautifulsoup4" version="4.9.1"/>
		<import addon="script.module.requests"       version="2.13.0"/>
	</requires>
	
	<extension point="xbmc.python.pluginsource" library="default.py">
		<provides>video</provides>
		<platform>all</platform>
		<summary>Stream Movies in Kodi.</summary>
        <description>Add-on for streaming adult content in Kodi.</description>
		<assets>
            <icon>icon.png</icon>
            <fanart>fanart.jpg</fanart>
        </assets>
	</extension>
</addon>



