{"mexican": ["https://www.alotporn.com/categories/mexican/", "https://alpcdn.b-cdn.net/contents/videos_screenshots/179000/179442/360x203/4.jpg", "Mexican"], "chinese": ["https://www.alotporn.com/categories/chinese/", "https://alpcdn.b-cdn.net/contents/videos_screenshots/64000/64416/360x203/13.jpg", "Chinese"], "german": ["https://www.alotporn.com/categories/german/", "https://alpcdn.b-cdn.net/contents/videos_screenshots/154000/154070/360x203/7.jpg", "German"], "spanking": ["https://www.alotporn.com/categories/spanking/", "https://alpcdn.b-cdn.net/contents/videos_screenshots/159000/159448/360x203/1.jpg", "Spanking"], "cougars": ["https://www.alotporn.com/categories/cougars/", "https://alpcdn.b-cdn.net/contents/videos_screenshots/153000/153818/360x203/3.jpg", "Cougars"], "stripshows": ["https://www.alotporn.com/categories/stripshows/", "https://alpcdn.b-cdn.net/contents/videos_screenshots/33000/33632/360x203/18.jpg", "Stripshows"], "asian": ["https://www.alotporn.com/categories/asian/", "https://alpcdn.b-cdn.net/contents/videos_screenshots/29000/29142/360x203/10.jpg", "Asian"], "polish": ["https://www.alotporn.com/categories/polish/", "https://alpcdn.b-cdn.net/contents/videos_screenshots/344000/344223/360x203/3.jpg", "Polish"], "alothome": ["https://www.alotporn.com/", "https://bcdn.alotporn.com/contents/videos_screenshots/358000/358985/360x203/1.jpg", "Home"], "german_anal_sex": ["https://www.alotporn.com/categories/german-anal-sex/", "https://alpcdn.b-cdn.net/contents/videos_screenshots/21000/21828/360x203/7.jpg", "German Anal Sex"], "blondes": ["https://www.alotporn.com/categories/blondes/", "https://alpcdn.b-cdn.net/contents/videos_screenshots/45000/45353/360x203/12.jpg", "Blondes"], "bbw___fat": ["https://www.alotporn.com/categories/bbw-fat/", "https://alpcdn.b-cdn.net/contents/videos_screenshots/215000/215135/360x203/3.jpg", "BBW / Fat"], "turkish": ["https://www.alotporn.com/categories/turkish/", "https://alpcdn.b-cdn.net/contents/videos_screenshots/29000/29333/360x203/3.jpg", "Turkish"], "romanian": ["https://www.alotporn.com/categories/romanian/", "https://alpcdn.b-cdn.net/contents/videos_screenshots/138000/138516/360x203/16.jpg", "Romanian"], "housewife": ["https://www.alotporn.com/categories/housewife/", "https://alpcdn.b-cdn.net/contents/videos_screenshots/353000/353060/360x203/1.jpg", "Housewife"], "anal_pain": ["https://www.alotporn.com/categories/anal-pain/", "https://alpcdn.b-cdn.net/contents/videos_screenshots/38000/38585/360x203/18.jpg", "Anal Pain"], "ass_licking": ["https://www.alotporn.com/categories/ass-licking/", "https://alpcdn.b-cdn.net/contents/videos_screenshots/359000/359608/360x203/1.jpg", "Ass Licking"], "big_boobs": ["https://www.alotporn.com/categories/big-boobs/", "https://alpcdn.b-cdn.net/contents/videos_screenshots/411000/411385/360x203/2.jpg", "Big Boobs"], "big_butts": ["https://www.alotporn.com/categories/big-butts/", "https://alpcdn.b-cdn.net/contents/videos_screenshots/360000/360642/360x203/1.jpg", "Big Butts"], "teens__18": ["https://www.alotporn.com/categories/teens/", "https://alpcdn.b-cdn.net/contents/videos_screenshots/337000/337593/360x203/6.jpg", "Teens +18"], "blowjobs": ["https://www.alotporn.com/categories/blowjobs/", "https://alpcdn.b-cdn.net/contents/videos_screenshots/38000/38430/360x203/4.jpg", "Blowjobs"], "hungarian": ["https://www.alotporn.com/categories/hungarian/", "https://alpcdn.b-cdn.net/contents/videos_screenshots/147000/147171/360x203/2.jpg", "Hungarian"], "egyptian": ["https://www.alotporn.com/categories/egyptian/", "https://alpcdn.b-cdn.net/contents/videos_screenshots/86000/86248/360x203/20.jpg", "Egyptian"], "anal_orgasm": ["https://www.alotporn.com/categories/anal-orgasm/", "https://alpcdn.b-cdn.net/contents/videos_screenshots/135000/135909/360x203/18.jpg", "Anal Orgasm"], "arab": ["https://www.alotporn.com/categories/arab/", "https://alpcdn.b-cdn.net/contents/videos_screenshots/380000/380939/360x203/1.jpg", "Arab"], "face_sitting": ["https://www.alotporn.com/categories/face-sitting/", "https://alpcdn.b-cdn.net/contents/videos_screenshots/249000/249356/360x203/5.jpg", "Face Sitting"], "anal_compilation": ["https://www.alotporn.com/categories/anal-compilation/", "https://alpcdn.b-cdn.net/contents/videos_screenshots/343000/343358/360x203/8.jpg", "Anal Compilation"], "18_years_old___18_": ["https://www.alotporn.com/categories/18/", "https://alpcdn.b-cdn.net/contents/videos_screenshots/360000/360426/360x203/1.jpg", "18 years old (+18)"], "amateur_lesbian": ["https://www.alotporn.com/categories/amateur-lesbian/", "https://alpcdn.b-cdn.net/contents/videos_screenshots/137000/137640/360x203/1.jpg", "Amateur Lesbian"], "philippines": ["https://www.alotporn.com/categories/philippines/", "https://alpcdn.b-cdn.net/contents/videos_screenshots/120000/120241/360x203/8.jpg", "Philippines"], "lingerie": ["https://www.alotporn.com/categories/lingerie/", "https://alpcdn.b-cdn.net/contents/videos_screenshots/300000/300496/360x203/14.jpg", "Lingerie"], "gangbang___orgy": ["https://www.alotporn.com/categories/gangbang-orgy/", "https://alpcdn.b-cdn.net/contents/videos_screenshots/275000/275878/360x203/6.jpg", "Gangbang / Orgy"], "lesbian_milf": ["https://www.alotporn.com/categories/lesbian-milf/", "https://alpcdn.b-cdn.net/contents/videos_screenshots/206000/206537/360x203/7.jpg", "Lesbian MILF"], "serbian": ["https://www.alotporn.com/categories/serbian/", "https://alpcdn.b-cdn.net/contents/videos_screenshots/181000/181852/360x203/10.jpg", "Serbian"], "big_cocks": ["https://www.alotporn.com/categories/big-cocks/", "https://alpcdn.b-cdn.net/contents/videos_screenshots/296000/296809/360x203/15.jpg", "Big Cocks"], "anal": ["https://www.alotporn.com/categories/anal/", "https://alpcdn.b-cdn.net/contents/videos_screenshots/30000/30528/360x203/9.jpg", "Anal"], "italian": ["https://www.alotporn.com/categories/italian/", "https://alpcdn.b-cdn.net/contents/videos_screenshots/34000/34936/360x203/5.jpg", "Italian"], "portuguese": ["https://www.alotporn.com/categories/portuguese/", "https://alpcdn.b-cdn.net/contents/videos_screenshots/299000/299517/360x203/12.jpg", "Portuguese"], "brunette": ["https://www.alotporn.com/categories/brunette/", "https://alpcdn.b-cdn.net/contents/videos_screenshots/278000/278088/360x203/1.jpg", "Brunette"], "czech": ["https://www.alotporn.com/categories/czech/", "https://alpcdn.b-cdn.net/contents/videos_screenshots/138000/138082/360x203/3.jpg", "Czech"], "japanese": ["https://www.alotporn.com/categories/japanese/", "https://alpcdn.b-cdn.net/contents/videos_screenshots/36000/36823/360x203/3.jpg", "Japanese"], "handjob": ["https://www.alotporn.com/categories/handjob/", "https://alpcdn.b-cdn.net/contents/videos_screenshots/299000/299473/360x203/1.jpg", "Handjob"], "fingering": ["https://www.alotporn.com/categories/fingering/", "https://alpcdn.b-cdn.net/contents/videos_screenshots/359000/359283/360x203/1.jpg", "Fingering"], "amateur_anal_sex": ["https://www.alotporn.com/categories/amateur-anal-sex/", "https://alpcdn.b-cdn.net/contents/videos_screenshots/126000/126934/360x203/16.jpg", "Amateur Anal Sex"], "footjob": ["https://www.alotporn.com/categories/footjob/", "https://alpcdn.b-cdn.net/contents/videos_screenshots/359000/359137/360x203/1.jpg", "Footjob"], "german_milf": ["https://www.alotporn.com/categories/german-milf/", "https://alpcdn.b-cdn.net/contents/videos_screenshots/299000/299974/360x203/18.jpg", "German MILF"], "lesbian_teen__18": ["https://www.alotporn.com/categories/lesbian-teen-18-19/", "https://alpcdn.b-cdn.net/contents/videos_screenshots/139000/139865/360x203/1.jpg", "Lesbian Teen +18"], "german_amateur": ["https://www.alotporn.com/categories/german-amateur/", "https://alpcdn.b-cdn.net/contents/videos_screenshots/200000/200063/360x203/13.jpg", "German Amateur"], "shemale___tranny": ["https://www.alotporn.com/categories/shemale-tranny/", "https://alpcdn.b-cdn.net/contents/videos_screenshots/113000/113465/360x203/19.jpg", "Shemale / Tranny"], "sex_toys": ["https://www.alotporn.com/categories/sex-toys/", "https://alpcdn.b-cdn.net/contents/videos_screenshots/181000/181816/360x203/4.jpg", "Sex Toys"], "indian": ["https://www.alotporn.com/categories/indian/", "https://alpcdn.b-cdn.net/contents/videos_screenshots/210000/210310/360x203/16.jpg", "Indian"], "german_blowjob": ["https://www.alotporn.com/categories/german-blowjob/", "https://alpcdn.b-cdn.net/contents/videos_screenshots/161000/161483/360x203/1.jpg", "German Blowjob"], "dutch": ["https://www.alotporn.com/categories/dutch/", "https://alpcdn.b-cdn.net/contents/videos_screenshots/168000/168923/360x203/3.jpg", "Dutch"], "bisexuals": ["https://www.alotporn.com/categories/bisexuals/", "https://alpcdn.b-cdn.net/contents/videos_screenshots/117000/117071/360x203/16.jpg", "Bisexuals"], "public": ["https://www.alotporn.com/categories/public-outdoor/", "https://alpcdn.b-cdn.net/contents/videos_screenshots/136000/136885/360x203/8.jpg", "Public"], "3d": ["https://www.alotporn.com/categories/3d/", "https://alpcdn.b-cdn.net/contents/videos_screenshots/352000/352767/360x203/1.jpg", "3D"], "hairy": ["https://www.alotporn.com/categories/hairy/", "https://alpcdn.b-cdn.net/contents/videos_screenshots/31000/31531/360x203/2.jpg", "Hairy"], "german_bbw": ["https://www.alotporn.com/categories/german-bbw/", "https://alpcdn.b-cdn.net/contents/videos_screenshots/50000/50518/360x203/7.jpg", "German BBW"], "lesbian_fisting": ["https://www.alotporn.com/categories/lesbian-fisting/", "https://alpcdn.b-cdn.net/contents/videos_screenshots/102000/102858/360x203/20.jpg", "Lesbian Fisting"], "grannies": ["https://www.alotporn.com/categories/grannies/", "https://alpcdn.b-cdn.net/contents/videos_screenshots/130000/130835/360x203/2.jpg", "Grannies"], "lesbian_orgy": ["https://www.alotporn.com/categories/lesbian-orgy/", "https://alpcdn.b-cdn.net/contents/videos_screenshots/150000/150756/360x203/3.jpg", "Lesbian Orgy"], "amateur_teen__18": ["https://www.alotporn.com/categories/amateur-teen-18-19/", "https://alpcdn.b-cdn.net/contents/videos_screenshots/343000/343970/360x203/17.jpg", "Amateur Teen +18"], "stepmom": ["https://www.alotporn.com/categories/stepmom/", "https://alpcdn.b-cdn.net/contents/videos_screenshots/125000/125463/360x203/5.jpg", "Stepmom"], "french": ["https://www.alotporn.com/categories/french/", "https://alpcdn.b-cdn.net/contents/videos_screenshots/365000/365204/360x203/1.jpg", "French"], "creampie": ["https://www.alotporn.com/categories/creampie/", "https://alpcdn.b-cdn.net/contents/videos_screenshots/207000/207082/360x203/4.jpg", "Creampie"], "strapon": ["https://www.alotporn.com/categories/strapon/", "https://alpcdn.b-cdn.net/contents/videos_screenshots/277000/277671/360x203/1.jpg", "Strapon"], "old___young": ["https://www.alotporn.com/categories/old-young/", "https://alpcdn.b-cdn.net/contents/videos_screenshots/358000/358253/360x203/1.jpg", "Old & Young"], "british": ["https://www.alotporn.com/categories/british/", "https://alpcdn.b-cdn.net/contents/videos_screenshots/260000/260276/360x203/5.jpg", "British"], "german_lesbian": ["https://www.alotporn.com/categories/german-lesbian/", "https://alpcdn.b-cdn.net/contents/videos_screenshots/61000/61957/360x203/9.jpg", "German Lesbian"], "pornstar": ["https://www.alotporn.com/categories/pornstar/", "https://alpcdn.b-cdn.net/contents/videos_screenshots/155000/155221/360x203/19.jpg", "Pornstar"], "threesome": ["https://www.alotporn.com/categories/threesome/", "https://alpcdn.b-cdn.net/contents/videos_screenshots/286000/286554/360x203/13.jpg", "Threesome"], "massage": ["https://www.alotporn.com/categories/massage/", "https://alpcdn.b-cdn.net/contents/videos_screenshots/359000/359246/360x203/1.jpg", "Massage"], "webcams": ["https://www.alotporn.com/categories/webcams/", "https://alpcdn.b-cdn.net/contents/videos_screenshots/260000/260734/360x203/7.jpg", "Webcams"], "cartoons___anime": ["https://www.alotporn.com/categories/cartoons-anime/", "https://alpcdn.b-cdn.net/contents/videos_screenshots/164000/164926/360x203/1.jpg", "Cartoons / Anime"], "anal_toying": ["https://www.alotporn.com/categories/anal-toying/", "https://alpcdn.b-cdn.net/contents/videos_screenshots/355000/355254/360x203/6.jpg", "Anal Toying"], "pov": ["https://www.alotporn.com/categories/pov/", "https://alpcdn.b-cdn.net/contents/videos_screenshots/140000/140481/360x203/2.jpg", "Pov"], "lesbian_in_threesome": ["https://www.alotporn.com/categories/lesbian-in-threesome/", "https://alpcdn.b-cdn.net/contents/videos_screenshots/283000/283966/360x203/4.jpg", "Lesbian In Threesome"], "cuckold": ["https://www.alotporn.com/categories/cuckold/", "https://alpcdn.b-cdn.net/contents/videos_screenshots/61000/61379/360x203/9.jpg", "Cuckold"], "misc": ["https://www.alotporn.com/categories/misc/", "https://alpcdn.b-cdn.net/contents/videos_screenshots/47000/47110/360x203/15.jpg", "Misc"], "spanish": ["https://www.alotporn.com/categories/spanish/", "https://alpcdn.b-cdn.net/contents/videos_screenshots/240000/240967/360x203/8.jpg", "Spanish"], "69": ["https://www.alotporn.com/categories/69/", "https://alpcdn.b-cdn.net/contents/videos_screenshots/210000/210684/360x203/1.jpg", "69"], "ebony": ["https://www.alotporn.com/categories/ebony/", "https://alpcdn.b-cdn.net/contents/videos_screenshots/373000/373415/360x203/1.jpg", "Ebony"], "alotvideo": ["https://www.alotporn.com/latest-updates/", "https://bcdn.alotporn.com/contents/videos_screenshots/358000/358985/360x203/1.jpg", "Video"], "masturbating": ["https://www.alotporn.com/categories/masturbating/", "https://alpcdn.b-cdn.net/contents/videos_screenshots/37000/37972/360x203/5.jpg", "Masturbating"], "brazilian": ["https://www.alotporn.com/categories/brazilian/", "https://alpcdn.b-cdn.net/contents/videos_screenshots/147000/147148/360x203/2.jpg", "Brazilian"], "german_bdsm": ["https://www.alotporn.com/categories/german-bdsm/", "https://alpcdn.b-cdn.net/contents/videos_screenshots/176000/176265/360x203/7.jpg", "German BDSM"], "bukkake": ["https://www.alotporn.com/categories/bukkake/", "https://alpcdn.b-cdn.net/contents/videos_screenshots/162000/162033/360x203/3.jpg", "Bukkake"], "lesbian_massage": ["https://www.alotporn.com/categories/lesbian-massage/", "https://alpcdn.b-cdn.net/contents/videos_screenshots/136000/136280/360x203/11.jpg", "Lesbian Massage"], "danish": ["https://www.alotporn.com/categories/danish/", "https://alpcdn.b-cdn.net/contents/videos_screenshots/199000/199683/360x203/1.jpg", "Danish"], "bulgarian": ["https://www.alotporn.com/categories/bulgarian/", "https://alpcdn.b-cdn.net/contents/videos_screenshots/203000/203781/360x203/1.jpg", "Bulgarian"], "amateur": ["https://www.alotporn.com/categories/amateur/", "https://alpcdn.b-cdn.net/contents/videos_screenshots/95000/95098/360x203/7.jpg", "Amateur"], "gay": ["https://www.alotporn.com/categories/gay/", "https://alpcdn.b-cdn.net/contents/videos_screenshots/282000/282452/360x203/19.jpg", "Gay"], "girlfriends": ["https://www.alotporn.com/categories/girlfriends/", "https://alpcdn.b-cdn.net/contents/videos_screenshots/335000/335297/360x203/20.jpg", "Girlfriends"], "redhead": ["https://www.alotporn.com/categories/redhead/", "https://alpcdn.b-cdn.net/contents/videos_screenshots/29000/29254/360x203/2.jpg", "Redhead"], "gloryhole": ["https://www.alotporn.com/categories/gloryhole/", "https://alpcdn.b-cdn.net/contents/videos_screenshots/362000/362768/360x203/1.jpg", "Gloryhole"], "argentinian": ["https://www.alotporn.com/categories/argentinian/", "https://alpcdn.b-cdn.net/contents/videos_screenshots/213000/213607/360x203/10.jpg", "Argentinian"], "anal_fisting": ["https://www.alotporn.com/categories/anal-fisting/", "https://alpcdn.b-cdn.net/contents/videos_screenshots/24000/24086/360x203/16.jpg", "Anal Fisting"], "russian": ["https://www.alotporn.com/categories/russian/", "https://alpcdn.b-cdn.net/contents/videos_screenshots/153000/153255/360x203/7.jpg", "Russian"], "hardcore": ["https://www.alotporn.com/categories/hardcore/", "https://alpcdn.b-cdn.net/contents/videos_screenshots/148000/148291/360x203/4.jpg", "Hardcore"], "hd": ["https://www.alotporn.com/categories/hd/", "https://alpcdn.b-cdn.net/contents/videos_screenshots/122000/122110/360x203/7.jpg", "HD"], "amateur_wife": ["https://www.alotporn.com/categories/amateur-wife/", "https://alpcdn.b-cdn.net/contents/videos_screenshots/83000/83676/360x203/14.jpg", "Amateur Wife"], "interracial": ["https://www.alotporn.com/categories/interracial/", "https://alpcdn.b-cdn.net/contents/videos_screenshots/48000/48092/360x203/6.jpg", "Interracial"], "teachers": ["https://www.alotporn.com/categories/teachers/", "https://alpcdn.b-cdn.net/contents/videos_screenshots/24000/24723/360x203/2.jpg", "Teachers"], "mature": ["https://www.alotporn.com/categories/mature/", "https://alpcdn.b-cdn.net/contents/videos_screenshots/358000/358985/360x203/1.jpg", "Mature"], "midgets": ["https://www.alotporn.com/categories/midgets/", "https://alpcdn.b-cdn.net/contents/videos_screenshots/139000/139394/360x203/18.jpg", "Midgets"], "squirting": ["https://www.alotporn.com/categories/squirting/", "https://alpcdn.b-cdn.net/contents/videos_screenshots/21000/21944/360x203/7.jpg", "Squirting"], "hidden_cams": ["https://www.alotporn.com/categories/hidden-cams/", "https://alpcdn.b-cdn.net/contents/videos_screenshots/115000/115777/360x203/14.jpg", "Hidden Cams"], "gothic": ["https://www.alotporn.com/categories/gothic/", "https://alpcdn.b-cdn.net/contents/videos_screenshots/214000/214556/360x203/6.jpg", "Gothic"], "babe": ["https://www.alotporn.com/categories/babe/", "https://alpcdn.b-cdn.net/contents/videos_screenshots/237000/237842/360x203/14.jpg", "Babe"], "aged": ["https://www.alotporn.com/categories/aged/", "https://alpcdn.b-cdn.net/contents/videos_screenshots/359000/359135/360x203/1.jpg", "Aged"], "swedish": ["https://www.alotporn.com/categories/swedish/", "https://alpcdn.b-cdn.net/contents/videos_screenshots/29000/29091/360x203/9.jpg", "Swedish"], "amateur_milf": ["https://www.alotporn.com/categories/amateur-milf/", "https://alpcdn.b-cdn.net/contents/videos_screenshots/183000/183198/360x203/10.jpg", "Amateur MILF"], "amateur_threesome": ["https://www.alotporn.com/categories/amateur-threesome/", "https://alpcdn.b-cdn.net/contents/videos_screenshots/139000/139864/360x203/2.jpg", "Amateur Threesome"], "german_teen__18": ["https://www.alotporn.com/categories/german-teen-18-19/", "https://alpcdn.b-cdn.net/contents/videos_screenshots/138000/138044/360x203/13.jpg", "German Teen +18"], "latina": ["https://www.alotporn.com/categories/latina/", "https://alpcdn.b-cdn.net/contents/videos_screenshots/161000/161784/360x203/10.jpg", "Latina"], "korean": ["https://www.alotporn.com/categories/korean/", "https://alpcdn.b-cdn.net/contents/videos_screenshots/240000/240928/360x203/11.jpg", "Korean"], "beach": ["https://www.alotporn.com/categories/beach/", "https://alpcdn.b-cdn.net/contents/videos_screenshots/77000/77430/360x203/15.jpg", "Beach"], "alotsearchs": ["https://www.alotporn.com/search/", "https://bcdn.alotporn.com/contents/videos_screenshots/358000/358985/360x203/1.jpg", "Search"], "4some": ["https://www.alotporn.com/categories/4some/", "https://alpcdn.b-cdn.net/contents/videos_screenshots/273000/273003/360x203/7.jpg", "4some"], "lesbian_bdsm": ["https://www.alotporn.com/categories/lesbian-bdsm/", "https://alpcdn.b-cdn.net/contents/videos_screenshots/35000/35273/360x203/1.jpg", "Lesbian BDSM"], "double_penetration": ["https://www.alotporn.com/categories/double-penetration/", "https://alpcdn.b-cdn.net/contents/videos_screenshots/202000/202091/360x203/2.jpg", "Double Penetration"], "fetish___bdsm": ["https://www.alotporn.com/categories/fetish-bdsm/", "https://alpcdn.b-cdn.net/contents/videos_screenshots/358000/358998/360x203/1.jpg", "Fetish / BDSM"], "lesbian": ["https://www.alotporn.com/categories/lesbian/", "https://alpcdn.b-cdn.net/contents/videos_screenshots/37000/37947/360x203/5.jpg", "Lesbian"], "latex": ["https://www.alotporn.com/categories/latex/", "https://alpcdn.b-cdn.net/contents/videos_screenshots/127000/127393/360x203/3.jpg", "Latex"], "amateur_blowjob": ["https://www.alotporn.com/categories/amateur-blowjob/", "https://alpcdn.b-cdn.net/contents/videos_screenshots/141000/141443/360x203/4.jpg", "Amateur Blowjob"], "thai": ["https://www.alotporn.com/categories/thai/", "https://alpcdn.b-cdn.net/contents/videos_screenshots/110000/110853/360x203/3.jpg", "Thai"], "cumshots": ["https://www.alotporn.com/categories/cumshots/", "https://alpcdn.b-cdn.net/contents/videos_screenshots/29000/29542/360x203/15.jpg", "CumShots"], "greek": ["https://www.alotporn.com/categories/greek/", "https://alpcdn.b-cdn.net/contents/videos_screenshots/140000/140239/360x203/19.jpg", "Greek"], "castings": ["https://www.alotporn.com/categories/castings/", "https://alpcdn.b-cdn.net/contents/videos_screenshots/359000/359607/360x203/1.jpg", "Castings"], "african": ["https://www.alotporn.com/categories/african/", "https://alpcdn.b-cdn.net/contents/videos_screenshots/323000/323371/360x203/16.jpg", "African"], "anal_casting": ["https://www.alotporn.com/categories/anal-casting/", "https://alpcdn.b-cdn.net/contents/videos_screenshots/139000/139374/360x203/14.jpg", "Anal Casting"], "skinny": ["https://www.alotporn.com/categories/skinny/", "https://alpcdn.b-cdn.net/contents/videos_screenshots/198000/198287/360x203/2.jpg", "Skinny"]}