{"lexy_star": ["https://www.cumlouder.com/girl/lexy-star/", "https://im0.imgcm.com/img-pornstars/lexystar.jpg", "Lexy Star"], "samantha_bentley": ["https://www.cumlouder.com/girl/samantha-bentley/", "https://im0.imgcm.com/img-pornstars/samanthabentley.jpg", "Samantha Bentley"], "julia_de_luc\u00eda": ["https://www.cumlouder.com/girl/julia-de-lucia/", "https://im0.imgcm.com/img-pornstars/juliadelucia.jpg", "Julia De Luc\u00eda"], "milf": ["https://www.cumlouder.com/porn-videos/milf/?show=cumlouder", "https://im0.imgcm.com/img-categories/cat-33.jpg", "Milf"], "asian": ["https://www.cumlouder.com/porn-videos/asian/?show=cumlouder", "https://im0.imgcm.com/img-categories/cat-31.jpg", "Asian"], "hennesy": ["https://www.cumlouder.com/girl/hennesy/", "https://im0.imgcm.com/img-pornstars/hennesy.jpg", "Hennesy"], "zoe_nil": ["https://www.cumlouder.com/girl/zoe-nil/", "https://im0.imgcm.com/img-pornstars/zoenil.jpg", "Zoe Nil"], "luc\u00eda_fern\u00e1ndez": ["https://www.cumlouder.com/girl/lucia-fernandez/", "https://im0.imgcm.com/img-pornstars/luciafernandez.jpg", "Luc\u00eda Fern\u00e1ndez"], "candy_alexa": ["https://www.cumlouder.com/girl/candy-alexa/", "https://im0.imgcm.com/img-pornstars/candyalexa.jpg", "Candy Alexa"], "lady_diamond": ["https://www.cumlouder.com/girl/lady-diamond/", "https://im0.imgcm.com/img-pornstars/ladydiamond.jpg", "Lady Diamond"], "lara_tinelli": ["https://www.cumlouder.com/girl/lara-tinelli/", "https://im0.imgcm.com/img-pornstars/laratinelli.jpg", "Lara Tinelli"], "ana_ribera": ["https://www.cumlouder.com/girl/ana-ribera/", "https://im0.imgcm.com/img-pornstars/anaribera.jpg", "Ana Ribera"], "sandy_alser": ["https://www.cumlouder.com/girl/sandy-alser/", "https://im0.imgcm.com/img-pornstars/sandyalser.jpg", "Sandy Alser"], "salma_de_nora": ["https://www.cumlouder.com/girl/salma-de-nora/", "https://im0.imgcm.com/img-pornstars/salmadenora.jpg", "Salma De Nora"], "olivia_austin": ["https://www.cumlouder.com/girl/olivia-austin/", "https://im0.imgcm.com/img-pornstars/oliviaaustin.jpg", "Olivia Austin"], "jenny_hard": ["https://www.cumlouder.com/girl/jenny-hard/", "https://im0.imgcm.com/img-pornstars/jennyhard.jpg", "Jenny Hard"], "jessica_blue": ["https://www.cumlouder.com/girl/jessica-blue/", "https://im0.imgcm.com/img-pornstars/jessicablue.jpg", "Jessica Blue"], "tyler_nixon": ["https://www.cumlouder.com/girl/tyler-nixon/", "https://im0.imgcm.com/img-pornstars/tylernixon.jpg", "Tyler Nixon"], "angel_piaff": ["https://www.cumlouder.com/girl/angel-piaff/", "https://im0.imgcm.com/img-pornstars/angelpiaff.jpg", "Angel Piaff"], "asa_akira": ["https://www.cumlouder.com/girl/asa-akira/", "https://im0.imgcm.com/img-pornstars/asaakira.jpg", "Asa Akira"], "simony_diamond": ["https://www.cumlouder.com/girl/simony-diamond/", "https://im0.imgcm.com/img-pornstars/simonydiamond.jpg", "Simony Diamond"], "daisy_cruz": ["https://www.cumlouder.com/girl/daisy-cruz/", "https://im0.imgcm.com/img-pornstars/daisycruz.jpg", "Daisy Cruz"], "sisley_haim": ["https://www.cumlouder.com/girl/sisley-haim/", "https://im0.imgcm.com/img-pornstars/sisleyhaim.jpg", "Sisley Haim"], "gina": ["https://www.cumlouder.com/girl/gina/", "https://im0.imgcm.com/img-pornstars/gina.jpg", "Gina"], "emma_leigh": ["https://www.cumlouder.com/girl/emma-leigh/", "https://im0.imgcm.com/img-pornstars/emmaleigh.jpg", "Emma Leigh"], "daniela_evans": ["https://www.cumlouder.com/girl/daniela-evans/", "https://im0.imgcm.com/img-pornstars/danielaevans.jpg", "Daniela Evans"], "ploudersearchs": ["https://www.cumlouder.com/search/", "https://im0.imgcm.com/img-main_categories/cat-577.jpg", "Search"], "diamond_kitty": ["https://www.cumlouder.com/girl/diamond-kitty/", "https://im0.imgcm.com/img-pornstars/diamondkitty.jpg", "Diamond Kitty"], "ang\u00e9lica_heart": ["https://www.cumlouder.com/girl/angelica-heart/", "https://im0.imgcm.com/img-pornstars/angelicaheart.jpg", "Ang\u00e9lica Heart"], "cecilia_scott": ["https://www.cumlouder.com/girl/cecilia-scott/", "https://im0.imgcm.com/img-pornstars/ceciliascott.jpg", "Cecilia Scott"], "trinity_st__clair": ["https://www.cumlouder.com/girl/trinity-st-clair/", "https://im0.imgcm.com/img-pornstars/trinitystclaire.jpg", "Trinity St  Clair"], "kleio_valentien": ["https://www.cumlouder.com/girl/kleio-valentien/", "https://im0.imgcm.com/img-pornstars/kleiovalentien.jpg", "Kleio Valentien"], "suhaila_hard": ["https://www.cumlouder.com/girl/suhaila-hard/", "https://im0.imgcm.com/img-pornstars/suhailahard.jpg", "Suhaila Hard"], "amelia_lyn": ["https://www.cumlouder.com/girl/amelia-lyn/", "https://im0.imgcm.com/img-pornstars/amelialyn.jpg", "Amelia Lyn"], "lilyan": ["https://www.cumlouder.com/girl/lilyan/", "https://im0.imgcm.com/img-pornstars/lilyan.jpg", "Lilyan"], "angell_summers": ["https://www.cumlouder.com/girl/angell-summers/", "https://im0.imgcm.com/img-pornstars/angellsummers.jpg", "Angell Summers"], "gigi_love": ["https://www.cumlouder.com/girl/gigi-love/", "https://im0.imgcm.com/img-pornstars/gigilove.jpg", "Gigi Love"], "summer_brielle": ["https://www.cumlouder.com/girl/summer-brielle/", "https://im0.imgcm.com/img-pornstars/summerbrielle.jpg", "Summer Brielle"], "silvia_rubi": ["https://www.cumlouder.com/girl/silvia-rubi/", "https://im0.imgcm.com/img-pornstars/silviarubi.jpg", "Silvia Rubi"], "jayden_james": ["https://www.cumlouder.com/girl/jayden-james/", "https://im0.imgcm.com/img-pornstars/jaydenjames.jpg", "Jayden James"], "athina": ["https://www.cumlouder.com/girl/athina/", "https://im0.imgcm.com/img-pornstars/athina.jpg", "Athina"], "deep_throat": ["https://www.cumlouder.com/porn-videos/deep-throat/?show=cumlouder", "https://im0.imgcm.com/img-categories/cat-39.jpg", "Deep Throat"], "orgasm": ["https://www.cumlouder.com/porn-videos/orgasm/?show=cumlouder", "https://im0.imgcm.com/img-categories/cat-67.jpg", "Orgasm"], "nesty": ["https://www.cumlouder.com/girl/nesty/", "https://im0.imgcm.com/img-pornstars/nesty.jpg", "Nesty"], "interracial": ["https://www.cumlouder.com/porn-videos/interracial/?show=cumlouder", "https://im0.imgcm.com/img-categories/cat-51.jpg", "Interracial"], "sandra_g": ["https://www.cumlouder.com/girl/sandra-g/", "https://im0.imgcm.com/img-pornstars/sandrag.jpg", "Sandra G"], "katwoman": ["https://www.cumlouder.com/girl/katwoman/", "https://im0.imgcm.com/img-pornstars/katwoman.jpg", "Katwoman"], "aj_applegate": ["https://www.cumlouder.com/girl/aj-applegate/", "https://im0.imgcm.com/img-pornstars/ajapplegate.jpg", "Aj Applegate"], "hero": ["https://www.cumlouder.com/porn-videos/hero/?show=cumlouder", "https://im0.imgcm.com/img-categories/cat-36.jpg", "Hero"], "marta_la_croft": ["https://www.cumlouder.com/girl/marta-la-croft/", "https://im0.imgcm.com/img-pornstars/martalacroft.jpg", "Marta La Croft"], "paige_turnah": ["https://www.cumlouder.com/girl/paige-turnah/", "https://im0.imgcm.com/img-pornstars/paigeturnah.jpg", "Paige Turnah"], "creampie": ["https://www.cumlouder.com/porn-videos/creampie/?show=cumlouder", "https://im0.imgcm.com/img-categories/cat-131.jpg", "Creampie"], "denise_lauren": ["https://www.cumlouder.com/girl/denise-lauren/", "https://im0.imgcm.com/img-pornstars/deniselauren.jpg", "Denise Lauren"], "mischa_brooks": ["https://www.cumlouder.com/girl/mischa-brooks/", "https://im0.imgcm.com/img-pornstars/mischabrooks.jpg", "Mischa Brooks"], "claudia_bavel": ["https://www.cumlouder.com/girl/claudia-bavel/", "https://im0.imgcm.com/img-pornstars/claudiabavel.jpg", "Claudia Bavel"], "gabriella_paltrova": ["https://www.cumlouder.com/girl/gabriella-paltrova/", "https://im0.imgcm.com/img-pornstars/gabriellapaltrova.jpg", "Gabriella Paltrova"], "silvia_valencia": ["https://www.cumlouder.com/girl/silvia-valencia/", "https://im0.imgcm.com/img-pornstars/silviavalencia.jpg", "Silvia Valencia"], "amirah_adara": ["https://www.cumlouder.com/girl/amirah-adara/", "https://im0.imgcm.com/img-pornstars/amirahadara.jpg", "Amirah Adara"], "jany_sweet": ["https://www.cumlouder.com/girl/jany-sweet/", "https://im0.imgcm.com/img-pornstars/janysweet.jpg", "Jany Sweet"], "jasmine_black": ["https://www.cumlouder.com/girl/jasmine-black/", "https://im0.imgcm.com/img-pornstars/jasmineblack.jpg", "Jasmine Black"], "piercing": ["https://www.cumlouder.com/porn-videos/piercing/?show=cumlouder", "https://im0.imgcm.com/img-categories/cat-6.jpg", "Piercing"], "sarah_jeans": ["https://www.cumlouder.com/girl/sarah-jeans/", "https://im0.imgcm.com/img-pornstars/sarahjeans.jpg", "Sarah Jeans"], "sirena_xxx": ["https://www.cumlouder.com/girl/sirena-xxx/", "https://im0.imgcm.com/img-pornstars/sirenaxx.jpg", "Sirena Xxx"], "pornstar": ["https://www.cumlouder.com/porn-videos/pornstar/?show=cumlouder", "https://im0.imgcm.com/img-categories/cat-81.jpg", "Pornstar"], "kagney_linn_karter": ["https://www.cumlouder.com/girl/kagney-linn-karter/", "https://im0.imgcm.com/img-pornstars/kagney-linn-karterbig.jpg", "Kagney Linn Karter"], "natalia_zeta": ["https://www.cumlouder.com/girl/natalia-zeta/", "https://im0.imgcm.com/img-pornstars/nataliazeta.jpg", "Natalia Zeta"], "kayla_green": ["https://www.cumlouder.com/girl/kayla-green/", "https://im0.imgcm.com/img-pornstars/kaylagreen.jpg", "Kayla Green"], "mara_l\u00f3pez": ["https://www.cumlouder.com/girl/mara-lopez/", "https://im0.imgcm.com/img-pornstars/maralopez.jpg", "Mara L\u00f3pez"], "sarah_vandella": ["https://www.cumlouder.com/girl/sarah-vandella/", "https://im0.imgcm.com/img-pornstars/sarahvandella.jpg", "Sarah Vandella"], "nice_eyes": ["https://www.cumlouder.com/porn-videos/nice-eyes/?show=cumlouder", "https://im0.imgcm.com/img-categories/cat-56.jpg", "Nice Eyes"], "gina_gerson": ["https://www.cumlouder.com/girl/gina-gerson/", "https://im0.imgcm.com/img-pornstars/ginagerson.jpg", "Gina Gerson"], "scandal": ["https://www.cumlouder.com/porn-videos/scandal/?show=cumlouder", "https://im0.imgcm.com/img-categories/cat-42.jpg", "Scandal"], "veronica_avluv": ["https://www.cumlouder.com/girl/veronica-avluv/", "https://im0.imgcm.com/img-pornstars/veronicaavluv.jpg", "Veronica Avluv"], "silvana_rodr\u00edguez": ["https://www.cumlouder.com/girl/silvana-rodriguez/", "https://im0.imgcm.com/img-pornstars/silvanarodriguez.jpg", "Silvana Rodr\u00edguez"], "jessie_volt": ["https://www.cumlouder.com/girl/jessie-volt/", "https://im0.imgcm.com/img-pornstars/jessievolt.jpg", "Jessie Volt"], "joana_r\u00edos": ["https://www.cumlouder.com/girl/joana-rios/", "https://im0.imgcm.com/img-pornstars/joanarios.jpg", "Joana R\u00edos"], "m\u00f3nica_mayo": ["https://www.cumlouder.com/girl/monica-mayo/", "https://im0.imgcm.com/img-pornstars/monicamayo.jpg", "M\u00f3nica Mayo"], "bianca_resa": ["https://www.cumlouder.com/girl/bianca-resa/", "https://im0.imgcm.com/img-pornstars/biancaresa.jpg", "Bianca Resa"], "angela": ["https://www.cumlouder.com/girl/angela/", "https://im0.imgcm.com/img-pornstars/angela.jpg", "Angela"], "saray": ["https://www.cumlouder.com/girl/saray/", "https://im0.imgcm.com/img-pornstars/saray.jpg", "Saray"], "rita_rush": ["https://www.cumlouder.com/girl/rita-rush/", "https://im0.imgcm.com/img-pornstars/ritarush.jpg", "Rita Rush"], "bdsm": ["https://www.cumlouder.com/porn-videos/bdsm/?show=cumlouder", "https://im0.imgcm.com/img-categories/cat-128.jpg", "Bdsm"], "carmen_snake": ["https://www.cumlouder.com/girl/carmen-snake/", "https://im0.imgcm.com/img-pornstars/carmensnake.jpg", "Carmen Snake"], "donna_bell": ["https://www.cumlouder.com/girl/donna-bell/", "https://im0.imgcm.com/img-pornstars/donnabell.jpg", "Donna Bell"], "yoha_g\u00e1lvez": ["https://www.cumlouder.com/girl/yoha-galvez/", "https://im0.imgcm.com/img-pornstars/yohagalvez.jpg", "Yoha G\u00e1lvez"], "aitana": ["https://www.cumlouder.com/girl/aitana/", "https://im0.imgcm.com/img-pornstars/aitana.jpg", "Aitana"], "teen": ["https://www.cumlouder.com/porn-videos/teen/?show=cumlouder", "https://im0.imgcm.com/img-categories/cat-12.jpg", "Teen"], "jasmine_webb": ["https://www.cumlouder.com/girl/jasmine-webb/", "https://im0.imgcm.com/img-pornstars/jasminewebb.jpg", "Jasmine Webb"], "gina_snake": ["https://www.cumlouder.com/girl/gina-snake/", "https://im0.imgcm.com/img-pornstars/ginasnake.jpg", "Gina Snake"], "ani_blackfox": ["https://www.cumlouder.com/girl/ani-blackfox/", "https://im0.imgcm.com/img-pornstars/aniblackfox.jpg", "Ani Blackfox"], "alexis_crystal": ["https://www.cumlouder.com/girl/alexis-crystal/", "https://im0.imgcm.com/img-pornstars/alexiscrystal.jpg", "Alexis Crystal"], "alison_star": ["https://www.cumlouder.com/girl/alison-star/", "https://im0.imgcm.com/img-pornstars/alison.jpg", "Alison Star"], "blondie_fesser": ["https://www.cumlouder.com/girl/blondie-fesser/", "https://im0.imgcm.com/img-pornstars/blondiefesser.jpg", "Blondie Fesser"], "chanel_preston": ["https://www.cumlouder.com/girl/chanel-preston/", "https://im0.imgcm.com/img-pornstars/chanelpreston.jpg", "Chanel Preston"], "linda_del_sol": ["https://www.cumlouder.com/girl/linda-del-sol/", "https://im0.imgcm.com/img-pornstars/233x261Linda.jpg", "Linda Del Sol"], "car": ["https://www.cumlouder.com/porn-videos/car/?show=cumlouder", "https://im0.imgcm.com/img-categories/cat-22.jpg", "Car"], "anna_polina": ["https://www.cumlouder.com/girl/anna-polina/", "https://im0.imgcm.com/img-pornstars/annapolina.jpg", "Anna Polina"], "jakeline_teen": ["https://www.cumlouder.com/girl/jakeline-teen/", "https://im0.imgcm.com/img-pornstars/jacquelinekhull.jpg", "Jakeline Teen"], "natty_mellow": ["https://www.cumlouder.com/girl/natty-mellow/", "https://im0.imgcm.com/img-pornstars/nattymellow.jpg", "Natty Mellow"], "penelope_cum": ["https://www.cumlouder.com/girl/penelope-cum/", "https://im0.imgcm.com/img-pornstars/penelopecum.jpg", "Penelope Cum"], "cam": ["https://www.cumlouder.com/porn-videos/cam/?show=cumlouder", "https://im0.imgcm.com/img-categories/cat-130.jpg", "Cam"], "alexis_brill": ["https://www.cumlouder.com/girl/alexis-brill/", "https://im0.imgcm.com/img-pornstars/alexisbrill.jpg", "Alexis Brill"], "iris_cool": ["https://www.cumlouder.com/girl/iris-cool/", "https://im0.imgcm.com/img-pornstars/iriscool.jpg", "Iris Cool"], "squirting": ["https://www.cumlouder.com/porn-videos/squirting/?show=cumlouder", "https://im0.imgcm.com/img-categories/cat-14.jpg", "Squirting"], "cali_carter": ["https://www.cumlouder.com/girl/cali-carter/", "https://im0.imgcm.com/img-pornstars/calicarter.jpg", "Cali Carter"], "big_ass": ["https://www.cumlouder.com/porn-videos/big-ass/?show=cumlouder", "https://im0.imgcm.com/img-categories/cat-11.jpg", "Big Ass"], "fuck": ["https://www.cumlouder.com/porn-videos/fuck/?show=cumlouder", "https://im0.imgcm.com/img-categories/cat-54.jpg", "Fuck"], "yarisa_dur\u00e1n": ["https://www.cumlouder.com/girl/yarisa-duran/", "https://im0.imgcm.com/img-pornstars/yarisaduran.jpg", "Yarisa Dur\u00e1n"], "schoolgirl": ["https://www.cumlouder.com/porn-videos/schoolgirl/?show=cumlouder", "https://im0.imgcm.com/img-categories/cat-16.jpg", "Schoolgirl"], "agatha_vania": ["https://www.cumlouder.com/girl/agatha-vania/", "https://im0.imgcm.com/img-pornstars/agathavania.jpg", "Agatha Vania"], "isabella_clark": ["https://www.cumlouder.com/girl/isabella-clark/", "https://im0.imgcm.com/img-pornstars/isabellaclark.jpg", "Isabella Clark"], "cocksucker": ["https://www.cumlouder.com/porn-videos/cocksucker/?show=cumlouder", "https://im0.imgcm.com/img-categories/cat-146.jpg", "Cocksucker"], "verona_sky": ["https://www.cumlouder.com/girl/verona-sky/", "https://im0.imgcm.com/img-pornstars/veronasky.jpg", "Verona Sky"], "mar_dur\u00e1n": ["https://www.cumlouder.com/girl/mar-duran/", "https://im0.imgcm.com/img-pornstars/marduran.jpg", "Mar Dur\u00e1n"], "coral_joice": ["https://www.cumlouder.com/girl/coral-joice/", "https://im0.imgcm.com/img-pornstars/coraljoice.jpg", "Coral Joice"], "models": ["https://www.cumlouder.com/porn-videos/models/?show=cumlouder", "https://im0.imgcm.com/img-categories/cat-75.jpg", "Models"], "yuno_love": ["https://www.cumlouder.com/girl/yuno-love/", "https://im0.imgcm.com/img-pornstars/yunolove.jpg", "Yuno Love"], "blanche_bradburry": ["https://www.cumlouder.com/girl/blanche-bradburry/", "https://im0.imgcm.com/img-pornstars/blanchebradburry.jpg", "Blanche Bradburry"], "comedy": ["https://www.cumlouder.com/porn-videos/comedy/?show=cumlouder", "https://im0.imgcm.com/img-categories/cat-35.jpg", "Comedy"], "beach": ["https://www.cumlouder.com/porn-videos/beach/?show=cumlouder", "https://im0.imgcm.com/img-categories/cat-15.jpg", "Beach"], "double_penetration": ["https://www.cumlouder.com/porn-videos/double-penetration/?show=cumlouder", "https://im0.imgcm.com/img-categories/cat-78.jpg", "Double Penetration"], "melody_star": ["https://www.cumlouder.com/girl/melody-star/", "https://im0.imgcm.com/img-pornstars/melodystar.jpg", "Melody Star"], "katrina_moreno": ["https://www.cumlouder.com/girl/katrina-moreno/", "https://im0.imgcm.com/img-pornstars/katrinamoreno.jpg", "Katrina Moreno"], "soraya_wells": ["https://www.cumlouder.com/girl/soraya-wells/", "https://im0.imgcm.com/img-pornstars/sorayawells.jpg", "Soraya Wells"], "nikita_ways": ["https://www.cumlouder.com/girl/nikita-ways/", "https://im0.imgcm.com/img-pornstars/nikitaways.jpg", "Nikita Ways"], "exhibitionist": ["https://www.cumlouder.com/porn-videos/exhibitionist/?show=cumlouder", "https://im0.imgcm.com/img-categories/cat-29.jpg", "Exhibitionist"], "melody_petite": ["https://www.cumlouder.com/girl/melody-petite/", "https://im0.imgcm.com/img-pornstars/melodypetite.jpg", "Melody Petite"], "lesbian": ["https://www.cumlouder.com/porn-videos/lesbian/?show=cumlouder", "https://im0.imgcm.com/img-categories/cat-72.jpg", "Lesbian"], "zoe_doll": ["https://www.cumlouder.com/girl/zoe-doll/", "https://im0.imgcm.com/img-pornstars/zoedoll.jpg", "Zoe Doll"], "maria_antonia_alzate": ["https://www.cumlouder.com/girl/maria-antonia-alzate/", "https://im0.imgcm.com/img-pornstars/maria-antonia-alzate.jpg", "Maria Antonia Alzate"], "denise_sky": ["https://www.cumlouder.com/girl/denise-sky/", "https://im0.imgcm.com/img-pornstars/denisesky.jpg", "Denise Sky"], "dafne": ["https://www.cumlouder.com/girl/dafne/", "https://im0.imgcm.com/img-pornstars/dafne.jpg", "Dafne"], "ivana_rosano": ["https://www.cumlouder.com/girl/ivana-rosano/", "https://im0.imgcm.com/img-pornstars/ivanarosano.jpg", "Ivana Rosano"], "small_ass": ["https://www.cumlouder.com/porn-videos/small-ass/?show=cumlouder", "https://im0.imgcm.com/img-categories/cat-133.jpg", "Small Ass"], "fake_tits": ["https://www.cumlouder.com/porn-videos/fake-tits/?show=cumlouder", "https://im0.imgcm.com/img-categories/cat-62.jpg", "Fake Tits"], "angelina_valentine": ["https://www.cumlouder.com/girl/angelina-valentine/", "https://im0.imgcm.com/img-pornstars/angelinavalentine.jpg", "Angelina Valentine"], "marina_beaulieu": ["https://www.cumlouder.com/girl/marina-beaulieu/", "https://im0.imgcm.com/img-pornstars/marina-beaulieu.jpg", "Marina Beaulieu"], "lisa_demarco": ["https://www.cumlouder.com/girl/lisa-demarco/", "https://im0.imgcm.com/img-pornstars/lisademarco.jpg", "Lisa Demarco"], "tiffany_doll": ["https://www.cumlouder.com/girl/tiffany-doll/", "https://im0.imgcm.com/img-pornstars/tiffanydoll.jpg", "Tiffany Doll"], "esmeralda_moon": ["https://www.cumlouder.com/girl/esmeralda-moon/", "https://im0.imgcm.com/img-pornstars/esmeraldamoon.jpg", "Esmeralda Moon"], "sienna_west": ["https://www.cumlouder.com/girl/sienna-west/", "https://im0.imgcm.com/img-pornstars/siennawest.jpg", "Sienna West"], "karen_bakker": ["https://www.cumlouder.com/girl/karen-bakker/", "https://im0.imgcm.com/img-pornstars/karenbakker.jpg", "Karen Bakker"], "alma_del_rey": ["https://www.cumlouder.com/girl/alma-del-rey/", "https://im0.imgcm.com/img-pornstars/almadelrey.jpg", "Alma Del Rey"], "sienna_day": ["https://www.cumlouder.com/girl/sienna-day/", "https://im0.imgcm.com/img-pornstars/siennaday.jpg", "Sienna Day"], "brooklyn_jade": ["https://www.cumlouder.com/girl/brooklyn-jade/", "https://im0.imgcm.com/img-pornstars/brooklynjade.jpg", "Brooklyn Jade"], "redhead": ["https://www.cumlouder.com/porn-videos/redhead/?show=cumlouder", "https://im0.imgcm.com/img-categories/cat-52.jpg", "Redhead"], "soccer": ["https://www.cumlouder.com/porn-videos/soccer/?show=cumlouder", "https://im0.imgcm.com/img-categories/cat-23.jpg", "Soccer"], "angie_white": ["https://www.cumlouder.com/girl/angie-white/", "https://im0.imgcm.com/img-pornstars/angiewhite.jpg", "Angie White"], "francys_belle": ["https://www.cumlouder.com/girl/francys-belle/", "https://im0.imgcm.com/img-pornstars/francysbelle.jpg", "Francys Belle"], "gala_brown": ["https://www.cumlouder.com/girl/gala-brown/", "https://im0.imgcm.com/img-pornstars/galabrown.jpg", "Gala Brown"], "noa": ["https://www.cumlouder.com/girl/noa/", "https://im0.imgcm.com/img-pornstars/noa.jpg", "Noa"], "lady_rebeca": ["https://www.cumlouder.com/girl/lady-rebeca/", "https://im0.imgcm.com/img-pornstars/ladyrebeca.jpg", "Lady Rebeca"], "lamia_dark": ["https://www.cumlouder.com/girl/lamia-dark/", "https://im0.imgcm.com/img-pornstars/lamiadark.jpg", "Lamia Dark"], "cinthia_doll": ["https://www.cumlouder.com/girl/cinthia-doll/", "https://im0.imgcm.com/img-pornstars/cinthiadoll.jpg", "Cinthia Doll"], "justine_sade": ["https://www.cumlouder.com/girl/justine-sade/", "https://im0.imgcm.com/img-pornstars/justinesade.jpg", "Justine Sade"], "lady_mai": ["https://www.cumlouder.com/girl/lady-mai/", "https://im0.imgcm.com/img-pornstars/ladymai.jpg", "Lady Mai"], "jessica_hot": ["https://www.cumlouder.com/girl/jessica-hot/", "https://im0.imgcm.com/img-pornstars/jessicahot.jpg", "Jessica Hot"], "ann_marie_rios": ["https://www.cumlouder.com/girl/ann-marie-rios/", "https://im0.imgcm.com/img-pornstars/annmarierios.jpg", "Ann Marie Rios"], "shione_cooper": ["https://www.cumlouder.com/girl/shione-cooper/", "https://im0.imgcm.com/img-pornstars/shionecooper.jpg", "Shione Cooper"], "huge_boobs": ["https://www.cumlouder.com/porn-videos/huge-boobs/?show=cumlouder", "https://im0.imgcm.com/img-categories/cat-58.jpg", "Huge Boobs"], "emo": ["https://www.cumlouder.com/porn-videos/emo/?show=cumlouder", "https://im0.imgcm.com/img-categories/cat-30.jpg", "Emo"], "mea_melone": ["https://www.cumlouder.com/girl/mea-melone/", "https://im0.imgcm.com/img-pornstars/meamelone.jpg", "Mea Melone"], "busty": ["https://www.cumlouder.com/porn-videos/busty/?show=cumlouder", "https://im0.imgcm.com/img-categories/cat-7.jpg", "Busty"], "brunette": ["https://www.cumlouder.com/porn-videos/brunette/?show=cumlouder", "https://im0.imgcm.com/img-categories/cat-5.jpg", "Brunette"], "gape": ["https://www.cumlouder.com/porn-videos/gape/?show=cumlouder", "https://im0.imgcm.com/img-categories/cat-137.jpg", "Gape"], "camil_core": ["https://www.cumlouder.com/girl/camil-core/", "https://im0.imgcm.com/img-pornstars/camilcore.jpg", "Camil Core"], "susana_melo": ["https://www.cumlouder.com/girl/susana-melo/", "https://im0.imgcm.com/img-pornstars/susanamelo.jpg", "Susana Melo"], "urma_von_miller": ["https://www.cumlouder.com/girl/urma-von-miller/", "https://im0.imgcm.com/img-pornstars/urmavonmiller.jpg", "Urma Von Miller"], "noem\u00ed_jolie": ["https://www.cumlouder.com/girl/noemi-jolie/", "https://im0.imgcm.com/img-pornstars/noemijolie.jpg", "Noem\u00ed Jolie"], "london_keyes": ["https://www.cumlouder.com/girl/london-keyes/", "https://im0.imgcm.com/img-pornstars/londonkeyes.jpg", "London Keyes"], "evita_pozzi": ["https://www.cumlouder.com/girl/evita-pozzi/", "https://im0.imgcm.com/img-pornstars/evitapozzi.jpg", "Evita Pozzi"], "strap_on": ["https://www.cumlouder.com/porn-videos/strap-on/?show=cumlouder", "https://im0.imgcm.com/img-categories/cat-144.jpg", "Strap On"], "aris_dark": ["https://www.cumlouder.com/girl/aris-dark/", "https://im0.imgcm.com/img-pornstars/arisdark.jpg", "Aris Dark"], "petite": ["https://www.cumlouder.com/porn-videos/petite/?show=cumlouder", "https://im0.imgcm.com/img-categories/cat-140.jpg", "Petite"], "lilly_presley": ["https://www.cumlouder.com/girl/lilly-presley/", "https://im0.imgcm.com/img-pornstars/lillypresley.jpg", "Lilly Presley"], "bibi_noel": ["https://www.cumlouder.com/girl/bibi-noel/", "https://im0.imgcm.com/img-pornstars/bibinoel.jpg", "Bibi Noel"], "alysa": ["https://www.cumlouder.com/girl/alysa/", "https://im0.imgcm.com/img-pornstars/alysa.jpg", "Alysa"], "hanna_montada": ["https://www.cumlouder.com/girl/hanna-montada/", "https://im0.imgcm.com/img-pornstars/hannamontada.jpg", "Hanna Montada"], "mira_sunset": ["https://www.cumlouder.com/girl/mira-sunset/", "https://im0.imgcm.com/img-pornstars/mirasunset.jpg", "Mira Sunset"], "charlyse_angel": ["https://www.cumlouder.com/girl/charlyse-angel/", "https://im0.imgcm.com/img-pornstars/charlyseangel.jpg", "Charlyse Angel"], "ass": ["https://www.cumlouder.com/porn-videos/ass/?show=cumlouder", "https://im0.imgcm.com/img-categories/cat-3.jpg", "Ass"], "laurie_vargas": ["https://www.cumlouder.com/girl/laurie-vargas/", "https://im0.imgcm.com/img-pornstars/laurievargas.jpg", "Laurie Vargas"], "carla_cox": ["https://www.cumlouder.com/girl/carla-cox/", "https://im0.imgcm.com/img-pornstars/carlacox.jpg", "Carla Cox"], "alice_romain": ["https://www.cumlouder.com/girl/alice-romain/", "https://im0.imgcm.com/img-pornstars/aliceromain.jpg", "Alice Romain"], "ania_kinski": ["https://www.cumlouder.com/girl/ania-kinski/", "https://im0.imgcm.com/img-pornstars/aniakinski.jpg", "Ania Kinski"], "sophie_evans": ["https://www.cumlouder.com/girl/sophie-evans/", "https://im0.imgcm.com/img-pornstars/sophieevans.jpg", "Sophie Evans"], "billie_star": ["https://www.cumlouder.com/girl/billie-star/", "https://im0.imgcm.com/img-pornstars/billiestar.jpg", "Billie Star"], "eris_m\u00e1ximo": ["https://www.cumlouder.com/girl/eris-maximo/", "https://im0.imgcm.com/img-pornstars/erismaximo.jpg", "Eris M\u00e1ximo"], "jamie_valentine": ["https://www.cumlouder.com/girl/jamie-valentine/", "https://im0.imgcm.com/img-pornstars/jamievalentine.jpg", "Jamie Valentine"], "marta_sanz": ["https://www.cumlouder.com/girl/marta-sanz/", "https://im0.imgcm.com/img-pornstars/martasanz.jpg", "Marta Sanz"], "carla_crouz": ["https://www.cumlouder.com/girl/carla-crouz/", "https://im0.imgcm.com/img-pornstars/carla-crouz.jpg", "Carla Crouz"], "nekane": ["https://www.cumlouder.com/girl/nekane/", "https://im0.imgcm.com/img-pornstars/nekane.jpg", "Nekane"], "estrellita": ["https://www.cumlouder.com/girl/estrellita/", "https://im0.imgcm.com/img-pornstars/estrellita_(1).jpg", "Estrellita"], "pamela_blond": ["https://www.cumlouder.com/girl/pamela-blond/", "https://im0.imgcm.com/img-pornstars/pamelablondbig.jpg", "Pamela Blond"], "los_angeles": ["https://www.cumlouder.com/porn-videos/los-angeles/?show=cumlouder", "https://im0.imgcm.com/img-categories/cat-47.jpg", "Los Angeles"], "alyssia_kent": ["https://www.cumlouder.com/girl/alyssia-kent/", "https://im0.imgcm.com/img-pornstars/allysiakent.jpg", "Alyssia Kent"], "jarushka_ross": ["https://www.cumlouder.com/girl/jarushka-ross/", "https://im0.imgcm.com/img-pornstars/jarushkaross.jpg", "Jarushka Ross"], "anissa_kate": ["https://www.cumlouder.com/girl/anissa-kate/", "https://im0.imgcm.com/img-pornstars/anissakate.jpg", "Anissa Kate"], "daisy": ["https://www.cumlouder.com/girl/daisy/", "https://im0.imgcm.com/img-pornstars/daisy.jpg", "Daisy"], "damaris": ["https://www.cumlouder.com/girl/damaris/", "https://im0.imgcm.com/img-pornstars/damaris.jpg", "Damaris"], "yasmin_scott": ["https://www.cumlouder.com/girl/yasmin-scott/", "https://im0.imgcm.com/img-pornstars/yasminscott.jpg", "Yasmin Scott"], "sensual_jane": ["https://www.cumlouder.com/girl/sensual-jane/", "https://im0.imgcm.com/img-pornstars/sensualjane.jpg", "Sensual Jane"], "baby_reed": ["https://www.cumlouder.com/girl/baby-reed/", "https://im0.imgcm.com/img-pornstars/babyreed.jpg", "Baby Reed"], "luna_star": ["https://www.cumlouder.com/girl/luna-star/", "https://im0.imgcm.com/img-pornstars/lunastar.jpg", "Luna Star"], "valery_summer": ["https://www.cumlouder.com/girl/valery-summer/", "https://im0.imgcm.com/img-pornstars/valerysummer.jpg", "Valery Summer"], "nina_blanco": ["https://www.cumlouder.com/girl/nina-blanco/", "https://im0.imgcm.com/img-pornstars/ninablanco.jpg", "Nina Blanco"], "jimena_lago": ["https://www.cumlouder.com/girl/jimena-lago/", "https://im0.imgcm.com/img-pornstars/jimenalago.jpg", "Jimena Lago"], "aubrey_addams": ["https://www.cumlouder.com/girl/aubrey-addams/", "https://im0.imgcm.com/img-pornstars/aubreyadams.jpg", "Aubrey Addams"], "mira_cuckold": ["https://www.cumlouder.com/girl/mira-cuckold/", "https://im0.imgcm.com/img-pornstars/miracuckold.jpg", "Mira Cuckold"], "angy_pink": ["https://www.cumlouder.com/girl/angy-pink/", "https://im0.imgcm.com/img-pornstars/angypink.jpg", "Angy Pink"], "comic": ["https://www.cumlouder.com/porn-videos/comic/?show=cumlouder", "https://im0.imgcm.com/img-categories/cat-69.jpg", "Comic"], "nicole_aniston": ["https://www.cumlouder.com/girl/nicole-aniston/", "https://im0.imgcm.com/img-pornstars/nicoleaniston.jpg", "Nicole Aniston"], "cumshot": ["https://www.cumlouder.com/porn-videos/cumshot/?show=cumlouder", "https://im0.imgcm.com/img-categories/cat-53.jpg", "Cumshot"], "liz_rainbow": ["https://www.cumlouder.com/girl/liz-rainbow/", "https://im0.imgcm.com/img-pornstars/lizrainbow.jpg", "Liz Rainbow"], "candela_x": ["https://www.cumlouder.com/girl/candela-x/", "https://im0.imgcm.com/img-pornstars/candelax.jpg", "Candela X"], "laura_love": ["https://www.cumlouder.com/girl/laura-love/", "https://im0.imgcm.com/img-pornstars/lauralove.jpg", "Laura Love"], "canela_skin": ["https://www.cumlouder.com/girl/canela-skin/", "https://im0.imgcm.com/img-pornstars/canelaskin.jpg", "Canela Skin"], "anikka_albrite": ["https://www.cumlouder.com/girl/anikka-albrite/", "https://im0.imgcm.com/img-pornstars/anikkaalbrite.jpg", "Anikka Albrite"], "abella_danger": ["https://www.cumlouder.com/girl/abella-danger/", "https://im0.imgcm.com/img-pornstars/abelladanger.jpg", "Abella Danger"], "ena_sweet": ["https://www.cumlouder.com/girl/ena-sweet/", "https://im0.imgcm.com/img-pornstars/enasweet.jpg", "Ena Sweet"], "jordan_pryce": ["https://www.cumlouder.com/girl/jordan-pryce/", "https://im0.imgcm.com/img-pornstars/jordanpryce.jpg", "Jordan Pryce"], "brooklyn_lee": ["https://www.cumlouder.com/girl/brooklyn-lee/", "https://im0.imgcm.com/img-pornstars/brooklynlee.jpg", "Brooklyn Lee"], "carina_roman": ["https://www.cumlouder.com/girl/carina-roman/", "https://im0.imgcm.com/img-pornstars/carinaroman.jpg", "Carina Roman"], "esmeralda": ["https://www.cumlouder.com/girl/esmeralda/", "https://im0.imgcm.com/img-pornstars/esmeralda.jpg", "Esmeralda"], "giselle": ["https://www.cumlouder.com/girl/giselle/", "https://im0.imgcm.com/img-pornstars/gisellebecker.jpg", "Giselle"], "shanel": ["https://www.cumlouder.com/girl/shanel/", "https://im0.imgcm.com/img-pornstars/shanel.jpg", "Shanel"], "kiara_strong": ["https://www.cumlouder.com/girl/kiara-strong/", "https://im0.imgcm.com/img-pornstars/kiarabala.jpg", "Kiara Strong"], "franceska_jaimes": ["https://www.cumlouder.com/girl/franceska-jaimes/", "https://im0.imgcm.com/img-pornstars/franceskajaimes.jpg", "Franceska Jaimes"], "jessa_rhodes": ["https://www.cumlouder.com/girl/jessa-rhodes/", "https://im0.imgcm.com/img-pornstars/jessarhodes.jpg", "Jessa Rhodes"], "kesha_ortega": ["https://www.cumlouder.com/girl/kesha-ortega/", "https://im0.imgcm.com/img-pornstars/keshaortega.jpg", "Kesha Ortega"], "foxy_di": ["https://www.cumlouder.com/girl/foxy-di/", "https://im0.imgcm.com/img-pornstars/foxydi.jpg", "Foxy Di"], "eva_angelina": ["https://www.cumlouder.com/girl/eva-angelina/", "https://im0.imgcm.com/img-pornstars/evaangelina.jpg", "Eva Angelina"], "shower": ["https://www.cumlouder.com/porn-videos/shower/?show=cumlouder", "https://im0.imgcm.com/img-categories/cat-65.jpg", "Shower"], "orgy": ["https://www.cumlouder.com/porn-videos/orgy/?show=cumlouder", "https://im0.imgcm.com/img-categories/cat-49.jpg", "Orgy"], "dillion_harper": ["https://www.cumlouder.com/girl/dillion-harper/", "https://im0.imgcm.com/img-pornstars/dillionharper.jpg", "Dillion Harper"], "susy_gala": ["https://www.cumlouder.com/girl/susy-gala/", "https://im0.imgcm.com/img-pornstars/susygala.jpg", "Susy Gala"], "cathy_heaven": ["https://www.cumlouder.com/girl/cathy-heaven/", "https://im0.imgcm.com/img-pornstars/cathyheaven.jpg", "Cathy Heaven"], "ashley_woods": ["https://www.cumlouder.com/girl/ashley-woods/", "https://im0.imgcm.com/img-pornstars/ashleywoods.jpg", "Ashley Woods"], "sasha_jones": ["https://www.cumlouder.com/girl/sasha-jones/", "https://im0.imgcm.com/img-pornstars/sashajones.jpg", "Sasha Jones"], "b\u00e1rbara_vamp": ["https://www.cumlouder.com/girl/barbara-vamp/", "https://im0.imgcm.com/img-pornstars/barbaravamp.jpg", "B\u00e1rbara Vamp"], "dildo": ["https://www.cumlouder.com/porn-videos/dildo/?show=cumlouder", "https://im0.imgcm.com/img-categories/cat-68.jpg", "Dildo"], "bianka_blue": ["https://www.cumlouder.com/girl/bianka-blue/", "https://im0.imgcm.com/img-pornstars/biankablue.jpg", "Bianka Blue"], "lul\u00fa_pret\u00e9l": ["https://www.cumlouder.com/girl/lulu-pretel/", "https://im0.imgcm.com/img-pornstars/lulupetrel.jpg", "Lul\u00fa Pret\u00e9l"], "tina_hot": ["https://www.cumlouder.com/girl/tina-hot/", "https://im0.imgcm.com/img-pornstars/tinahot.jpg", "Tina Hot"], "thais_lafuente": ["https://www.cumlouder.com/girl/thais-lafuente/", "https://im0.imgcm.com/img-pornstars/thaislafuente.jpg", "Thais Lafuente"], "mia": ["https://www.cumlouder.com/girl/mia/", "https://im0.imgcm.com/img-pornstars/mia.jpg", "Mia"], "amy_brooke": ["https://www.cumlouder.com/girl/amy-brooke/", "https://im0.imgcm.com/img-pornstars/amybrooke.jpg", "Amy Brooke"], "trina_michaels": ["https://www.cumlouder.com/girl/trina-michaels/", "https://im0.imgcm.com/img-pornstars/trinamichaels.jpg", "Trina Michaels"], "couch": ["https://www.cumlouder.com/porn-videos/couch/?show=cumlouder", "https://im0.imgcm.com/img-categories/cat-28.jpg", "Couch"], "sabrina_moon": ["https://www.cumlouder.com/girl/sabrina-moon/", "https://im0.imgcm.com/img-pornstars/sabrinamoon.jpg", "Sabrina Moon"], "abbie_cat": ["https://www.cumlouder.com/girl/abbie-cat/", "https://im0.imgcm.com/img-pornstars/abbiecat.jpg", "Abbie Cat"], "latina": ["https://www.cumlouder.com/porn-videos/latina/?show=cumlouder", "https://im0.imgcm.com/img-categories/cat-4.jpg", "Latina"], "plouderhome": ["https://www.cumlouder.com/channels/videos/", "https://im0.imgcm.com/img-main_categories/cat-577.jpg", "Home"], "ver\u00f3nica_orozco": ["https://www.cumlouder.com/girl/veronica-orozco/", "https://im0.imgcm.com/img-pornstars/veronicaorozco.jpg", "Ver\u00f3nica Orozco"], "valerie_kay": ["https://www.cumlouder.com/girl/valerie-kay/", "https://im0.imgcm.com/img-pornstars/valeriekay.jpg", "Valerie Kay"], "misha_cross": ["https://www.cumlouder.com/girl/misha-cross/", "https://im0.imgcm.com/img-pornstars/mishacross.jpg", "Misha Cross"], "valentina_bianco": ["https://www.cumlouder.com/girl/valentina-bianco/", "https://im0.imgcm.com/img-pornstars/valentinabianco.jpg", "Valentina Bianco"], "daytona_x": ["https://www.cumlouder.com/girl/daytona-x/", "https://im0.imgcm.com/img-pornstars/daytonax.jpg", "Daytona X"], "krissy_lynn": ["https://www.cumlouder.com/girl/krissy-lynn/", "https://im0.imgcm.com/img-pornstars/krissylynn.jpg", "Krissy Lynn"], "nataly_paris": ["https://www.cumlouder.com/girl/nataly-paris/", "https://im0.imgcm.com/img-pornstars/natalyparis.jpg", "Nataly Paris"], "dacota_rock": ["https://www.cumlouder.com/girl/dacota-rock/", "https://im0.imgcm.com/img-pornstars/dacotarock.jpg", "Dacota Rock"], "melanie_gold": ["https://www.cumlouder.com/girl/melanie-gold/", "https://im0.imgcm.com/img-pornstars/melaniegold.jpg", "Melanie Gold"], "lola_taylor": ["https://www.cumlouder.com/girl/lola-taylor/", "https://im0.imgcm.com/img-pornstars/lolataylor.jpg", "Lola Taylor"], "soraya_rico": ["https://www.cumlouder.com/girl/soraya-rico/", "https://im0.imgcm.com/img-pornstars/sorayarico.jpg", "Soraya Rico"], "venus_afrodita": ["https://www.cumlouder.com/girl/venus-afrodita/", "https://im0.imgcm.com/img-pornstars/venusafrodita.jpg", "Venus Afrodita"], "aysha": ["https://www.cumlouder.com/girl/aysha/", "https://im0.imgcm.com/img-pornstars/aysha.jpg", "Aysha"], "raquel_ad\u00e1n": ["https://www.cumlouder.com/girl/raquel-adan/", "https://im0.imgcm.com/img-pornstars/raqueladan.jpg", "Raquel Ad\u00e1n"], "torbe": ["https://www.cumlouder.com/porn-videos/torbe/?show=cumlouder", "https://im0.imgcm.com/img-categories/cat-150.jpg", "Torbe"], "masturbation": ["https://www.cumlouder.com/porn-videos/masturbation/?show=cumlouder", "https://im0.imgcm.com/img-categories/cat-18.jpg", "Masturbation"], "andrea_cum": ["https://www.cumlouder.com/girl/andrea-cum/", "https://im0.imgcm.com/img-pornstars/andreacum.jpg", "Andrea Cum"], "jenny_one": ["https://www.cumlouder.com/girl/jenny-one/", "https://im0.imgcm.com/img-pornstars/jennyone.jpg", "Jenny One"], "cowgirl": ["https://www.cumlouder.com/porn-videos/cowgirl/?show=cumlouder", "https://im0.imgcm.com/img-categories/cat-55.jpg", "Cowgirl"], "spanking": ["https://www.cumlouder.com/porn-videos/spanking/?show=cumlouder", "https://im0.imgcm.com/img-categories/cat-41.jpg", "Spanking"], "bridgette_b": ["https://www.cumlouder.com/girl/bridgette-b/", "https://im0.imgcm.com/img-pornstars/bridgetteb.jpg", "Bridgette B"], "naomi": ["https://www.cumlouder.com/girl/naomi/", "https://im0.imgcm.com/img-pornstars/naomi.jpg", "Naomi"], "dahlia_sky": ["https://www.cumlouder.com/girl/dahlia-sky/", "https://im0.imgcm.com/img-pornstars/dahliasky.jpg", "Dahlia Sky"], "laura_moreno": ["https://www.cumlouder.com/girl/laura-moreno/", "https://im0.imgcm.com/img-pornstars/lauramoreno.jpg", "Laura Moreno"], "rikki_six": ["https://www.cumlouder.com/girl/rikki-six/", "https://im0.imgcm.com/img-pornstars/rikkisix.jpg", "Rikki Six"], "ash_hollywood": ["https://www.cumlouder.com/girl/ash-hollywood/", "https://im0.imgcm.com/img-pornstars/ashhollywood.jpg", "Ash Hollywood"], "perla": ["https://www.cumlouder.com/girl/perla/", "https://im0.imgcm.com/img-pornstars/perla.jpg", "Perla"], "elena_guzm\u00e1n": ["https://www.cumlouder.com/girl/elena-guzman/", "https://im0.imgcm.com/img-pornstars/elenaguzman.jpg", "Elena Guzm\u00e1n"], "christy_mack": ["https://www.cumlouder.com/girl/christy-mack/", "https://im0.imgcm.com/img-pornstars/christymack.jpg", "Christy Mack"], "katja_kassin": ["https://www.cumlouder.com/girl/katja-kassin/", "https://im0.imgcm.com/img-pornstars/katjakassin.jpg", "Katja Kassin"], "brenda_boop": ["https://www.cumlouder.com/girl/brenda-boop/", "https://im0.imgcm.com/img-pornstars/brendaboop.jpg", "Brenda Boop"], "bara_brass": ["https://www.cumlouder.com/girl/bara-brass/", "https://im0.imgcm.com/img-pornstars/barabrass.jpg", "Bara Brass"], "black": ["https://www.cumlouder.com/porn-videos/black/?show=cumlouder", "https://im0.imgcm.com/img-categories/cat-44.jpg", "Black"], "yara_lamas": ["https://www.cumlouder.com/girl/yara-lamas/", "https://im0.imgcm.com/img-pornstars/yaralamas.jpg", "Yara Lamas"], "miriam_prado": ["https://www.cumlouder.com/girl/miriam-prado/", "https://im0.imgcm.com/img-pornstars/miriamprado.jpg", "Miriam Prado"], "first_time": ["https://www.cumlouder.com/porn-videos/first-time/?show=cumlouder", "https://im0.imgcm.com/img-categories/cat-142.jpg", "First Time"], "big_dick": ["https://www.cumlouder.com/porn-videos/big-dick/?show=cumlouder", "https://im0.imgcm.com/img-categories/cat-27.jpg", "Big Dick"], "sof\u00eda_arenas": ["https://www.cumlouder.com/girl/sofia-arenas/", "https://im0.imgcm.com/img-pornstars/sofiaarenas.jpg", "Sof\u00eda Arenas"], "yurizan_beltran": ["https://www.cumlouder.com/girl/yurizan-beltran/", "https://im0.imgcm.com/img-pornstars/yurizanbeltran.jpg", "Yurizan Beltran"], "taylor_sands": ["https://www.cumlouder.com/girl/taylor-sands/", "https://im0.imgcm.com/img-pornstars/taylorsands.jpg", "Taylor Sands"], "yunnox_moon": ["https://www.cumlouder.com/girl/yunnox-moon/", "https://im0.imgcm.com/img-pornstars/yunnoxmoon.jpg", "Yunnox Moon"], "estrella": ["https://www.cumlouder.com/girl/estrella/", "https://im0.imgcm.com/img-pornstars/estrella.jpg", "Estrella"], "aylen_moon": ["https://www.cumlouder.com/girl/aylen-moon/", "https://im0.imgcm.com/img-pornstars/aylenmoon.jpg", "Aylen Moon"], "melany_kiss": ["https://www.cumlouder.com/girl/melany-kiss/", "https://im0.imgcm.com/img-pornstars/melanykiss.jpg", "Melany Kiss"], "melissa_ria": ["https://www.cumlouder.com/girl/melissa-ria/", "https://im0.imgcm.com/img-pornstars/melissaria.jpg", "Melissa Ria"], "bibiana": ["https://www.cumlouder.com/girl/bibiana/", "https://im0.imgcm.com/img-pornstars/bibiana.jpg", "Bibiana"], "pen\u00e9lope_damatrix": ["https://www.cumlouder.com/girl/penelope-damatrix/", "https://im0.imgcm.com/img-pornstars/penelopedamatrix.jpg", "Pen\u00e9lope Damatrix"], "bella_reese": ["https://www.cumlouder.com/girl/bella-reese/", "https://im0.imgcm.com/img-pornstars/bellareese.jpg", "Bella Reese"], "gia_steel": ["https://www.cumlouder.com/girl/gia-steel/", "https://im0.imgcm.com/img-pornstars/giasteel.jpg", "Gia Steel"], "chloe_amour": ["https://www.cumlouder.com/girl/chloe-amour/", "https://im0.imgcm.com/img-pornstars/chloeamour.jpg", "Chloe Amour"], "public": ["https://www.cumlouder.com/porn-videos/public/?show=cumlouder", "https://im0.imgcm.com/img-categories/cat-10.jpg", "Public"], "nikita_bellucci": ["https://www.cumlouder.com/girl/nikita-bellucci/", "https://im0.imgcm.com/img-pornstars/nikitabellucci.jpg", "Nikita Bellucci"], "nacho_vidal": ["https://www.cumlouder.com/porn-videos/nacho-vidal/?show=cumlouder", "https://im0.imgcm.com/img-categories/cat-149.jpg", "Nacho Vidal"], "small_tits": ["https://www.cumlouder.com/porn-videos/small-tits/?show=cumlouder", "https://im0.imgcm.com/img-categories/cat-145.jpg", "Small Tits"], "harmony_reigns": ["https://www.cumlouder.com/girl/harmony-reigns/", "https://im0.imgcm.com/img-pornstars/harmonyreigns.jpg", "Harmony Reigns"], "samantha_pink": ["https://www.cumlouder.com/girl/samantha-pink/", "https://im0.imgcm.com/img-pornstars/samanthapink.jpg", "Samantha Pink"], "jade": ["https://www.cumlouder.com/girl/jade/", "https://im0.imgcm.com/img-pornstars/jade.jpg", "Jade"], "briana_banderas": ["https://www.cumlouder.com/girl/briana-banderas/", "https://im0.imgcm.com/img-pornstars/brianabanderas.jpg", "Briana Banderas"], "adriana_chechik": ["https://www.cumlouder.com/girl/adriana-chechik/", "https://im0.imgcm.com/img-pornstars/adrianachechik.jpg", "Adriana Chechik"], "yesenia_rock": ["https://www.cumlouder.com/girl/yesenia-rock/", "https://im0.imgcm.com/img-pornstars/yeseniarock.jpg", "Yesenia Rock"], "sport": ["https://www.cumlouder.com/porn-videos/sport/?show=cumlouder", "https://im0.imgcm.com/img-categories/cat-46.jpg", "Sport"], "honey_demon": ["https://www.cumlouder.com/girl/honey-demon/", "https://im0.imgcm.com/img-pornstars/honeydemon.jpg", "Honey Demon"], "superhero": ["https://www.cumlouder.com/porn-videos/superhero/?show=cumlouder", "https://im0.imgcm.com/img-categories/cat-70.jpg", "Superhero"], "luz": ["https://www.cumlouder.com/girl/luz/", "https://im0.imgcm.com/img-pornstars/luz.jpg", "Luz"], "cristal_cherry": ["https://www.cumlouder.com/girl/cristal-cherry/", "https://im0.imgcm.com/img-pornstars/cristalcherry.jpg", "Cristal Cherry"], "peta_jensen": ["https://www.cumlouder.com/girl/peta-jensen/", "https://im0.imgcm.com/img-pornstars/petajensen.jpg", "Peta Jensen"], "ally_breelsen": ["https://www.cumlouder.com/girl/ally-breelsen/", "https://im0.imgcm.com/img-pornstars/allybreelsen.jpg", "Ally Breelsen"], "megan_hot": ["https://www.cumlouder.com/girl/megan-hot/", "https://im0.imgcm.com/img-pornstars/meganhot.jpg", "Megan Hot"], "ava_addams": ["https://www.cumlouder.com/girl/ava-addams/", "https://im0.imgcm.com/img-pornstars/avaaddams.jpg", "Ava Addams"], "erica_fontes": ["https://www.cumlouder.com/girl/erica-fontes/", "https://im0.imgcm.com/img-pornstars/ericafontes.jpg", "Erica Fontes"], "samia_duarte": ["https://www.cumlouder.com/girl/samia-duarte/", "https://im0.imgcm.com/img-pornstars/samiaduarte.jpg", "Samia Duarte"], "kira_queen": ["https://www.cumlouder.com/girl/kira-queen/", "https://im0.imgcm.com/img-pornstars/kiraqueen.jpg", "Kira Queen"], "charity_bangs": ["https://www.cumlouder.com/girl/charity-bangs/", "https://im0.imgcm.com/img-pornstars/charitybangs.jpg", "Charity Bangs"], "harley_jade": ["https://www.cumlouder.com/girl/harley-jade/", "https://im0.imgcm.com/img-pornstars/harleyjade.jpg", "Harley Jade"], "leya_falcon": ["https://www.cumlouder.com/girl/leya-falcon/", "https://im0.imgcm.com/img-pornstars/leylafalcon.jpg", "Leya Falcon"], "jasmine_jae": ["https://www.cumlouder.com/girl/jasmine-jae/", "https://im0.imgcm.com/img-pornstars/jasminejae.jpg", "Jasmine Jae"], "rough_sex": ["https://www.cumlouder.com/porn-videos/rough-sex/?show=cumlouder", "https://im0.imgcm.com/img-categories/cat-143.jpg", "Rough Sex"], "livia_teen": ["https://www.cumlouder.com/girl/livia-teen/", "https://im0.imgcm.com/img-pornstars/liviateen_233x261.jpg", "Livia Teen"], "sara_may": ["https://www.cumlouder.com/girl/sara-may/", "https://im0.imgcm.com/img-pornstars/saramay.jpg", "Sara May"], "cherry_kiss": ["https://www.cumlouder.com/girl/cherry-kiss/", "https://im0.imgcm.com/img-pornstars/cherrykiss.jpg", "Cherry Kiss"], "klara_gold": ["https://www.cumlouder.com/girl/klara-gold/", "https://im0.imgcm.com/img-pornstars/asshlee.jpg", "Klara Gold"], "daria": ["https://www.cumlouder.com/girl/daria/", "https://im0.imgcm.com/img-pornstars/daria.jpg", "Daria"], "kristina_rose": ["https://www.cumlouder.com/girl/kristina-rose/", "https://im0.imgcm.com/img-pornstars/kristinarose.jpg", "Kristina Rose"], "sandra_morelli": ["https://www.cumlouder.com/girl/sandra-morelli/", "https://im0.imgcm.com/img-pornstars/sandramorelli.jpg", "Sandra Morelli"], "sicilia": ["https://www.cumlouder.com/girl/sicilia/", "https://im0.imgcm.com/img-pornstars/sicilia.jpg", "Sicilia"], "busted": ["https://www.cumlouder.com/porn-videos/busted/?show=cumlouder", "https://im0.imgcm.com/img-categories/cat-79.jpg", "Busted"], "michelle_blanch": ["https://www.cumlouder.com/girl/michelle-blanch/", "https://im0.imgcm.com/img-pornstars/michelleblanch.jpg", "Michelle Blanch"], "liza_del_sierra": ["https://www.cumlouder.com/girl/liza-del-sierra/", "https://im0.imgcm.com/img-pornstars/lizadesierra.jpg", "Liza Del Sierra"], "chiqui_dulce": ["https://www.cumlouder.com/girl/chiqui-dulce/", "https://im0.imgcm.com/img-pornstars/chiquidulce.jpg", "Chiqui Dulce"], "momoko": ["https://www.cumlouder.com/girl/momoko/", "https://im0.imgcm.com/img-pornstars/momoko.jpg", "Momoko"], "victoria_summers": ["https://www.cumlouder.com/girl/victoria-summers/", "https://im0.imgcm.com/img-pornstars/victoriasummers.jpg", "Victoria Summers"], "zazel_paradise": ["https://www.cumlouder.com/girl/zazel-paradise/", "https://im0.imgcm.com/img-pornstars/zazelparadise.jpg", "Zazel Paradise"], "samantha_leoni": ["https://www.cumlouder.com/girl/samantha-leoni/", "https://im0.imgcm.com/img-pornstars/samanthaleoni.jpg", "Samantha Leoni"], "pov": ["https://www.cumlouder.com/porn-videos/pov/?show=cumlouder", "https://im0.imgcm.com/img-categories/cat-61.jpg", "Pov"], "mia_milan": ["https://www.cumlouder.com/girl/mia-milan/", "https://im0.imgcm.com/img-pornstars/miamilan.jpg", "Mia Milan"], "ana_monte_real": ["https://www.cumlouder.com/girl/ana-monte-real/", "https://im0.imgcm.com/img-pornstars/anamontereal.jpg", "Ana Monte Real"], "sunny_diamond": ["https://www.cumlouder.com/girl/sunny-diamond/", "https://im0.imgcm.com/img-pornstars/sunnydiamond.jpg", "Sunny Diamond"], "apolonia": ["https://www.cumlouder.com/girl/apolonia/", "https://im0.imgcm.com/img-pornstars/apolonia.jpg", "Apolonia"], "blonde": ["https://www.cumlouder.com/porn-videos/blonde/?show=cumlouder", "https://im0.imgcm.com/img-categories/cat-1.jpg", "Blonde"], "mulatta": ["https://www.cumlouder.com/porn-videos/mulatta/?show=cumlouder", "https://im0.imgcm.com/img-categories/cat-45.jpg", "Mulatta"], "amanda_x": ["https://www.cumlouder.com/girl/amanda-x/", "https://im0.imgcm.com/img-pornstars/amandax.jpg", "Amanda X"], "cindy_dollar": ["https://www.cumlouder.com/girl/cindy-dollar/", "https://im0.imgcm.com/img-pornstars/cindydollar.jpg", "Cindy Dollar"], "anastasia_lux": ["https://www.cumlouder.com/girl/anastasia-lux/", "https://im0.imgcm.com/img-pornstars/anastasialux.jpg", "Anastasia Lux"], "caomei_bala": ["https://www.cumlouder.com/girl/caomei-bala/", "https://im0.imgcm.com/img-pornstars/caomeibala.jpg", "Caomei Bala"], "britney_amber": ["https://www.cumlouder.com/girl/britney-amber/", "https://im0.imgcm.com/img-pornstars/britneyamber.jpg", "Britney Amber"], "vicky_storm": ["https://www.cumlouder.com/girl/vicky-storm/", "https://im0.imgcm.com/img-pornstars/vickystorm.jpg", "Vicky Storm"], "daniela_xocolat": ["https://www.cumlouder.com/girl/daniela-xocolat/", "https://im0.imgcm.com/img-pornstars/danielaxocolat.jpg", "Daniela Xocolat"], "jenna_presley": ["https://www.cumlouder.com/girl/jenna-presley/", "https://im0.imgcm.com/img-pornstars/jennapresley.jpg", "Jenna Presley"], "ass_to_mouth": ["https://www.cumlouder.com/porn-videos/ass-to-mouth/?show=cumlouder", "https://im0.imgcm.com/img-categories/cat-37.jpg", "Ass To Mouth"], "lisa_ann": ["https://www.cumlouder.com/girl/lisa-ann/", "https://im0.imgcm.com/img-pornstars/lisaann.jpg", "Lisa Ann"], "mercedes_carrera": ["https://www.cumlouder.com/girl/mercedes-carrera/", "https://im0.imgcm.com/img-pornstars/mercedescarrera.jpg", "Mercedes Carrera"], "ana_marco": ["https://www.cumlouder.com/girl/ana-marco/", "https://im0.imgcm.com/img-pornstars/anamarco.jpg", "Ana Marco"], "lara_onyx": ["https://www.cumlouder.com/girl/lara-onyx/", "https://im0.imgcm.com/img-pornstars/laraonyx.jpg", "Lara Onyx"], "amabella": ["https://www.cumlouder.com/girl/amabella/", "https://im0.imgcm.com/img-pornstars/amabella.jpg", "Amabella"], "gag": ["https://www.cumlouder.com/porn-videos/gag/?show=cumlouder", "https://im0.imgcm.com/img-categories/cat-136.jpg", "Gag"], "viuda_perra": ["https://www.cumlouder.com/girl/viuda-perra/", "https://im0.imgcm.com/img-pornstars/viudaperra.jpg", "Viuda Perra"], "hardcore": ["https://www.cumlouder.com/porn-videos/hardcore/?show=cumlouder", "https://im0.imgcm.com/img-categories/cat-138.jpg", "Hardcore"], "valentina_sweet": ["https://www.cumlouder.com/girl/valentina-sweet/", "https://im0.imgcm.com/img-pornstars/valentinasweet.jpg", "Valentina Sweet"], "spain": ["https://www.cumlouder.com/porn-videos/spain/?show=cumlouder", "https://im0.imgcm.com/img-categories/cat-24.jpg", "Spain"], "dolly_diore": ["https://www.cumlouder.com/girl/dolly-diore/", "https://im0.imgcm.com/img-pornstars/dollydiore.jpg", "Dolly Diore"], "zorah_white": ["https://www.cumlouder.com/girl/zorah-white/", "https://im0.imgcm.com/img-pornstars/zorahwhite.jpg", "Zorah White"], "jynx_maze": ["https://www.cumlouder.com/girl/jynx-maze/", "https://im0.imgcm.com/img-pornstars/jynxmaze.jpg", "Jynx Maze"], "phoenix_marie": ["https://www.cumlouder.com/girl/phoenix-marie/", "https://im0.imgcm.com/img-pornstars/phoenixmarie.jpg", "Phoenix Marie"], "adriana_deluxe": ["https://www.cumlouder.com/girl/adriana-deluxe/", "https://im0.imgcm.com/img-pornstars/adrianadeluxe.jpg", "Adriana Deluxe"], "saida_sinner": ["https://www.cumlouder.com/girl/saida-sinner/", "https://im0.imgcm.com/img-pornstars/saidasinner.jpg", "Saida Sinner"], "pamela_s\u00e1nchez": ["https://www.cumlouder.com/girl/pamela-sanchez/", "https://im0.imgcm.com/img-pornstars/pamelasanchez.jpg", "Pamela S\u00e1nchez"], "irina_vega": ["https://www.cumlouder.com/girl/irina-vega/", "https://im0.imgcm.com/img-pornstars/irinavega.jpg", "Irina Vega"], "slapping": ["https://www.cumlouder.com/porn-videos/slapping/?show=cumlouder", "https://im0.imgcm.com/img-categories/cat-129.jpg", "Slapping"], "sara_luvv": ["https://www.cumlouder.com/girl/sara-luvv/", "https://im0.imgcm.com/img-pornstars/saraluvv.jpg", "Sara Luvv"], "claudia_shotz": ["https://www.cumlouder.com/girl/claudia-shotz/", "https://im0.imgcm.com/img-pornstars/claudiashotz.jpg", "Claudia Shotz"], "fayna_vergara": ["https://www.cumlouder.com/girl/fayna-vergara/", "https://im0.imgcm.com/img-pornstars/faynavergara.jpg", "Fayna Vergara"], "pantera": ["https://www.cumlouder.com/girl/pantera/", "https://im0.imgcm.com/img-pornstars/pantera.jpg", "Pantera"], "madison_ivy": ["https://www.cumlouder.com/girl/madison-ivy/", "https://im0.imgcm.com/img-pornstars/madisonivy.jpg", "Madison Ivy"], "tittyfuck": ["https://www.cumlouder.com/porn-videos/tittyfuck/?show=cumlouder", "https://im0.imgcm.com/img-categories/cat-26.jpg", "Tittyfuck"], "silvana_violet": ["https://www.cumlouder.com/girl/silvana-violet/", "https://im0.imgcm.com/img-pornstars/silvanaviolet.jpg", "Silvana Violet"], "abella_anderson": ["https://www.cumlouder.com/girl/abella-anderson/", "https://im0.imgcm.com/img-pornstars/abellaanderson.jpg", "Abella Anderson"], "gothic": ["https://www.cumlouder.com/porn-videos/gothic/?show=cumlouder", "https://im0.imgcm.com/img-categories/cat-43.jpg", "Gothic"], "maddy_oreilly": ["https://www.cumlouder.com/girl/maddy-oreilly/", "https://im0.imgcm.com/img-pornstars/maddyoreilly.jpg", "Maddy Oreilly"], "whore": ["https://www.cumlouder.com/porn-videos/whore/?show=cumlouder", "https://im0.imgcm.com/img-categories/cat-64.jpg", "Whore"], "tattoo": ["https://www.cumlouder.com/porn-videos/tattoo/?show=cumlouder", "https://im0.imgcm.com/img-categories/cat-2.jpg", "Tattoo"], "barbie_bi": ["https://www.cumlouder.com/girl/barbie-bi/", "https://im0.imgcm.com/img-pornstars/barbiebi.jpg", "Barbie Bi"], "nika": ["https://www.cumlouder.com/girl/nika/", "https://im0.imgcm.com/img-pornstars/nika.jpg", "Nika"], "anna_blond": ["https://www.cumlouder.com/girl/anna-blond/", "https://im0.imgcm.com/img-pornstars/annablond.jpg", "Anna Blond"], "asslicking": ["https://www.cumlouder.com/porn-videos/asslicking/?show=cumlouder", "https://im0.imgcm.com/img-categories/cat-25.jpg", "Asslicking"], "foursome": ["https://www.cumlouder.com/porn-videos/foursome/?show=cumlouder", "https://im0.imgcm.com/img-categories/cat-132.jpg", "Foursome"], "cassidy_klein": ["https://www.cumlouder.com/girl/cassidy-klein/", "https://im0.imgcm.com/img-pornstars/cassidyklein.jpg", "Cassidy Klein"], "lia_m": ["https://www.cumlouder.com/girl/lia-m/", "https://im0.imgcm.com/img-pornstars/liam.jpg", "Lia M"], "anya_krey": ["https://www.cumlouder.com/girl/anya-krey/", "https://im0.imgcm.com/img-pornstars/anyakrey.jpg", "Anya Krey"], "daniela_castro": ["https://www.cumlouder.com/girl/daniela-castro/", "https://im0.imgcm.com/img-pornstars/daniela.jpg", "Daniela Castro"], "cassie_fire": ["https://www.cumlouder.com/girl/cassie-fire/", "https://im0.imgcm.com/img-pornstars/cassiefire.jpg", "Cassie Fire"], "party": ["https://www.cumlouder.com/porn-videos/party/?show=cumlouder", "https://im0.imgcm.com/img-categories/cat-57.jpg", "Party"], "jemma_valentine": ["https://www.cumlouder.com/girl/jemma-valentine/", "https://im0.imgcm.com/img-pornstars/jemmavalentine.jpg", "Jemma Valentine"], "european": ["https://www.cumlouder.com/porn-videos/european/?show=cumlouder", "https://im0.imgcm.com/img-categories/cat-134.jpg", "European"], "alexis_texas": ["https://www.cumlouder.com/girl/alexis-texas/", "https://im0.imgcm.com/img-pornstars/alexistexas.jpg", "Alexis Texas"], "carol_vega": ["https://www.cumlouder.com/girl/carol-vega/", "https://im0.imgcm.com/img-pornstars/carolvega.jpg", "Carol Vega"], "susana_abril": ["https://www.cumlouder.com/girl/susana-abril/", "https://im0.imgcm.com/img-pornstars/susanaabril.jpg", "Susana Abril"], "anastasia_brill": ["https://www.cumlouder.com/girl/anastasia-brill/", "https://im0.imgcm.com/img-pornstars/anastasiabrill.jpg", "Anastasia Brill"], "nataly_gold": ["https://www.cumlouder.com/girl/nataly-gold/", "https://im0.imgcm.com/img-pornstars/natalygold.jpg", "Nataly Gold"], "amy_black": ["https://www.cumlouder.com/girl/amy-black/", "https://im0.imgcm.com/img-pornstars/amyblack.jpg", "Amy Black"], "black_angelika": ["https://www.cumlouder.com/girl/black-angelika/", "https://im0.imgcm.com/img-pornstars/blackangelika.jpg", "Black Angelika"], "laurita_peralta": ["https://www.cumlouder.com/girl/laurita-peralta/", "https://im0.imgcm.com/img-pornstars/lauritaperalta.jpg", "Laurita Peralta"], "alexa_tomas": ["https://www.cumlouder.com/girl/alexa-tomas/", "https://im0.imgcm.com/img-pornstars/alexatomas.jpg", "Alexa Tomas"], "samanta_sainz": ["https://www.cumlouder.com/girl/samanta-sainz/", "https://im0.imgcm.com/img-pornstars/samantasainz.jpg", "Samanta Sainz"], "valeria_blue": ["https://www.cumlouder.com/girl/valeria-blue/", "https://im0.imgcm.com/img-pornstars/valeriablue.jpg", "Valeria Blue"], "lana_s": ["https://www.cumlouder.com/girl/lana-s/", "https://im0.imgcm.com/img-pornstars/lanas.jpg", "Lana S"], "susy_blue": ["https://www.cumlouder.com/girl/susy-blue/", "https://im0.imgcm.com/img-pornstars/susyblue.jpg", "Susy Blue"], "ashley": ["https://www.cumlouder.com/girl/ashley/", "https://im0.imgcm.com/img-pornstars/ashley.jpg", "Ashley"], "angel_blade": ["https://www.cumlouder.com/girl/angel-blade/", "https://im0.imgcm.com/img-pornstars/angelblade.jpg", "Angel Blade"], "jesika_diamond": ["https://www.cumlouder.com/girl/jesika-diamond/", "https://im0.imgcm.com/img-pornstars/jesikadiamond.jpg", "Jesika Diamond"], "parody": ["https://www.cumlouder.com/porn-videos/parody/?show=cumlouder", "https://im0.imgcm.com/img-categories/cat-13.jpg", "Parody"], "stacy_snake": ["https://www.cumlouder.com/girl/stacy-snake/", "https://im0.imgcm.com/img-pornstars/stacysnake.jpg", "Stacy Snake"], "outdoor": ["https://www.cumlouder.com/porn-videos/outdoor/?show=cumlouder", "https://im0.imgcm.com/img-categories/cat-135.jpg", "Outdoor"], "money": ["https://www.cumlouder.com/porn-videos/money/?show=cumlouder", "https://im0.imgcm.com/img-categories/cat-8.jpg", "Money"], "anina_silk": ["https://www.cumlouder.com/girl/anina-silk/", "https://im0.imgcm.com/img-pornstars/aninasilk.jpg", "Anina Silk"], "taissia_shanti": ["https://www.cumlouder.com/girl/taissia-shanti/", "https://im0.imgcm.com/img-pornstars/taissiashanti.jpg", "Taissia Shanti"], "rachel_roxxx": ["https://www.cumlouder.com/girl/rachel-roxxx/", "https://im0.imgcm.com/img-pornstars/rachelroxxx.jpg", "Rachel Roxxx"], "nikki_delano": ["https://www.cumlouder.com/girl/nikki-delano/", "https://im0.imgcm.com/img-pornstars/nikkidelano.jpg", "Nikki Delano"], "dunia_montenegro": ["https://www.cumlouder.com/girl/dunia-montenegro/", "https://im0.imgcm.com/img-pornstars/duniamontenegro.jpg", "Dunia Montenegro"], "cerecita_x": ["https://www.cumlouder.com/girl/cerecita-x/", "https://im0.imgcm.com/img-pornstars/cerecitax.jpg", "Cerecita X"], "lesly_kiss": ["https://www.cumlouder.com/girl/lesly-kiss/", "https://im0.imgcm.com/img-pornstars/leslykiss.jpg", "Lesly Kiss"], "eva_reina": ["https://www.cumlouder.com/girl/eva-reina/", "https://im0.imgcm.com/img-pornstars/evareina.jpg", "Eva Reina"], "christen_courtney": ["https://www.cumlouder.com/girl/christen-courtney/", "https://im0.imgcm.com/img-pornstars/christencourtney.jpg", "Christen Courtney"], "ginger_hell": ["https://www.cumlouder.com/girl/ginger-hell/", "https://im0.imgcm.com/img-pornstars/gingerhell.jpg", "Ginger Hell"], "doggystyle": ["https://www.cumlouder.com/porn-videos/doggystyle/?show=cumlouder", "https://im0.imgcm.com/img-categories/cat-21.jpg", "Doggystyle"], "miss_stacy": ["https://www.cumlouder.com/girl/miss-stacy/", "https://im0.imgcm.com/img-pornstars/missstacy.jpg", "Miss Stacy"], "rebeca_linares": ["https://www.cumlouder.com/girl/rebeca-linares/", "https://im0.imgcm.com/img-pornstars/rebecalinares.jpg", "Rebeca Linares"], "kat_dior": ["https://www.cumlouder.com/girl/kat-dior/", "https://im0.imgcm.com/img-pornstars/katdior.jpg", "Kat Dior"], "marina_visconti": ["https://www.cumlouder.com/girl/marina-visconti/", "https://im0.imgcm.com/img-pornstars/marinavisconti.jpg", "Marina Visconti"], "sandra_milka": ["https://www.cumlouder.com/girl/sandra-milka/", "https://im0.imgcm.com/img-pornstars/sandramilka.jpg", "Sandra Milka"], "casting": ["https://www.cumlouder.com/porn-videos/casting/?show=cumlouder", "https://im0.imgcm.com/img-categories/cat-60.jpg", "Casting"], "tits": ["https://www.cumlouder.com/porn-videos/tits/?show=cumlouder", "https://im0.imgcm.com/img-categories/cat-20.jpg", "Tits"], "aina_smith": ["https://www.cumlouder.com/girl/aina-smith/", "https://im0.imgcm.com/img-pornstars/tania.jpg", "Aina Smith"], "katana": ["https://www.cumlouder.com/girl/katana/", "https://im0.imgcm.com/img-pornstars/katana.jpg", "Katana"], "blowjob": ["https://www.cumlouder.com/porn-videos/blowjob/?show=cumlouder", "https://im0.imgcm.com/img-categories/cat-19.jpg", "Blowjob"], "facial": ["https://www.cumlouder.com/porn-videos/facial/?show=cumlouder", "https://im0.imgcm.com/img-categories/cat-59.jpg", "Facial"], "betty_foxxx": ["https://www.cumlouder.com/girl/betty-foxxx/", "https://im0.imgcm.com/img-pornstars/bettyfoxxx.jpg", "Betty Foxxx"], "milena": ["https://www.cumlouder.com/girl/milena/", "https://im0.imgcm.com/img-pornstars/milena.jpg", "Milena"], "sylvana_rous": ["https://www.cumlouder.com/girl/sylvana-rous/", "https://im0.imgcm.com/img-pornstars/naara.jpg", "Sylvana Rous"], "sof\u00eda_star": ["https://www.cumlouder.com/girl/sofia-star/", "https://im0.imgcm.com/img-pornstars/sofiastar.jpg", "Sof\u00eda Star"], "miami": ["https://www.cumlouder.com/porn-videos/miami/?show=cumlouder", "https://im0.imgcm.com/img-categories/cat-63.jpg", "Miami"], "jade_kitti": ["https://www.cumlouder.com/girl/jade-kitti/", "https://im0.imgcm.com/img-pornstars/jadekitty.jpg", "Jade Kitti"], "helena_kramer": ["https://www.cumlouder.com/girl/helena-kramer/", "https://im0.imgcm.com/img-pornstars/helenakramer.jpg", "Helena Kramer"], "candy": ["https://www.cumlouder.com/girl/candy/", "https://im0.imgcm.com/img-pornstars/candy.jpg", "Candy"], "clea_gaultier": ["https://www.cumlouder.com/girl/clea-gaultier/", "https://im0.imgcm.com/img-pornstars/clea-gaultier.jpg", "Clea Gaultier"], "stasy_riviera": ["https://www.cumlouder.com/girl/stasy-riviera/", "https://im0.imgcm.com/img-pornstars/stasyriviera.jpg", "Stasy Riviera"], "nuria_samoa": ["https://www.cumlouder.com/girl/nuria-samoa/", "https://im0.imgcm.com/img-pornstars/nuriasamoa.jpg", "Nuria Samoa"], "manuella_pimenta": ["https://www.cumlouder.com/girl/manuella-pimenta/", "https://im0.imgcm.com/img-pornstars/manuellapimenta.jpg", "Manuella Pimenta"], "katrin_tequila": ["https://www.cumlouder.com/girl/katrin-tequila/", "https://im0.imgcm.com/img-pornstars/katrintequila.jpg", "Katrin Tequila"], "silvia_camps": ["https://www.cumlouder.com/girl/silvia-camps/", "https://im0.imgcm.com/img-pornstars/silviacamps.jpg", "Silvia Camps"], "handjob": ["https://www.cumlouder.com/porn-videos/handjob/?show=cumlouder", "https://im0.imgcm.com/img-categories/cat-17.jpg", "Handjob"], "frida_sante": ["https://www.cumlouder.com/girl/frida-sante/", "https://im0.imgcm.com/img-pornstars/fridasante.jpg", "Frida Sante"], "lexi_swallow": ["https://www.cumlouder.com/girl/lexi-swallow/", "https://im0.imgcm.com/img-pornstars/lexiswallow.jpg", "Lexi Swallow"], "onix_babe": ["https://www.cumlouder.com/girl/onix-babe/", "https://im0.imgcm.com/img-pornstars/onixbabe.jpg", "Onix Babe"], "alexandra_smith": ["https://www.cumlouder.com/girl/alexandra-smith/", "https://im0.imgcm.com/img-pornstars/alexandrasmith.jpg", "Alexandra Smith"], "nora_barcelona_": ["https://www.cumlouder.com/girl/nora-barcelona/", "https://im0.imgcm.com/img-pornstars/norabarcelona.jpg", "Nora Barcelona "], "nicole_wild": ["https://www.cumlouder.com/girl/nicole-wild/", "https://im0.imgcm.com/img-pornstars/nicolewild.jpg", "Nicole Wild"], "cristina_miller": ["https://www.cumlouder.com/girl/cristina-miller/", "https://im0.imgcm.com/img-pornstars/cristinamiller.jpg", "Cristina Miller"], "ava_dalush": ["https://www.cumlouder.com/girl/ava-dalush/", "https://im0.imgcm.com/img-pornstars/avadalush.jpg", "Ava Dalush"], "rachel_woods": ["https://www.cumlouder.com/girl/rachel-woods/", "https://im0.imgcm.com/img-pornstars/rachelwoods.jpg", "Rachel Woods"], "violeta_cruz": ["https://www.cumlouder.com/girl/violeta-cruz/", "https://im0.imgcm.com/img-pornstars/violetacruz.jpg", "Violeta Cruz"], "raquel_love": ["https://www.cumlouder.com/girl/raquel-love/", "https://im0.imgcm.com/img-pornstars/raquellove.jpg", "Raquel Love"], "lorena_fox": ["https://www.cumlouder.com/girl/lorena-fox/", "https://im0.imgcm.com/img-pornstars/lorenafox.jpg", "Lorena Fox"], "elisa_love": ["https://www.cumlouder.com/girl/elisa-love/", "https://im0.imgcm.com/img-pornstars/elisalove.jpg", "Elisa Love"], "lara_krof": ["https://www.cumlouder.com/girl/lara-krof/", "https://im0.imgcm.com/img-pornstars/larakrof.jpg", "Lara Krof"], "katrina_jade": ["https://www.cumlouder.com/girl/katrina-jade/", "https://im0.imgcm.com/img-pornstars/katrinajade.jpg", "Katrina Jade"], "carol_ferrer": ["https://www.cumlouder.com/girl/carol-ferrer/", "https://im0.imgcm.com/img-pornstars/carolferrer.jpg", "Carol Ferrer"], "luna_rival": ["https://www.cumlouder.com/girl/luna-rival/", "https://im0.imgcm.com/img-pornstars/lunarival.jpg", "Luna Rival"], "ria_rodrigez": ["https://www.cumlouder.com/girl/ria-rodrigez/", "https://im0.imgcm.com/img-pornstars/riarodrigez.jpg", "Ria Rodrigez"], "patty_michova": ["https://www.cumlouder.com/girl/patty-michova/", "https://im0.imgcm.com/img-pornstars/pattymichova.jpg", "Patty Michova"], "montse_swinger": ["https://www.cumlouder.com/girl/montse-swinger/", "https://im0.imgcm.com/img-pornstars/montseswinger.jpg", "Montse Swinger"], "tiffany_tyler": ["https://www.cumlouder.com/girl/tiffany-tyler/", "https://im0.imgcm.com/img-pornstars/tiffanytyler.jpg", "Tiffany Tyler"], "ang\u00e9lica_castro": ["https://www.cumlouder.com/girl/angelica-castro/", "https://im0.imgcm.com/img-pornstars/angelicacastro.jpg", "Ang\u00e9lica Castro"], "brenda_starlix": ["https://www.cumlouder.com/girl/brenda-starlix/", "https://im0.imgcm.com/img-pornstars/brendastarlix.jpg", "Brenda Starlix"], "lindsey_olsen": ["https://www.cumlouder.com/girl/lindsey-olsen/", "https://im0.imgcm.com/img-pornstars/lindseyolsen.jpg", "Lindsey Olsen"], "nuria": ["https://www.cumlouder.com/girl/nuria/", "https://im0.imgcm.com/img-pornstars/nuria.jpg", "Nuria"], "mixer": ["https://www.cumlouder.com/porn-videos/mixer/?show=cumlouder", "https://im0.imgcm.com/img-categories/cat-73.jpg", "Mixer"], "carol_sevilla": ["https://www.cumlouder.com/girl/carol-sevilla/", "https://im0.imgcm.com/img-pornstars/carolsevilla.jpg", "Carol Sevilla"], "afra_red": ["https://www.cumlouder.com/girl/afra-red/", "https://im0.imgcm.com/img-pornstars/afrared.jpg", "Afra Red"], "taylor_shay": ["https://www.cumlouder.com/girl/taylor-shay/", "https://im0.imgcm.com/img-pornstars/taylorshay.jpg", "Taylor Shay"], "threesome": ["https://www.cumlouder.com/porn-videos/threesome/?show=cumlouder", "https://im0.imgcm.com/img-categories/cat-34.jpg", "Threesome"], "sasha_rose": ["https://www.cumlouder.com/girl/sasha-rose/", "https://im0.imgcm.com/img-pornstars/sasharose.jpg", "Sasha Rose"], "esperanza_del_horno": ["https://www.cumlouder.com/girl/esperanza-del-horno/", "https://im0.imgcm.com/img-pornstars/esperanza-del-horno.jpg", "Esperanza Del Horno"], "sara_glock": ["https://www.cumlouder.com/girl/sara-glock/", "https://im0.imgcm.com/img-pornstars/saraglock.jpg", "Sara Glock"], "paula_teen": ["https://www.cumlouder.com/girl/paula-teen/", "https://im0.imgcm.com/img-pornstars/paulateen.jpg", "Paula Teen"], "billie_jo": ["https://www.cumlouder.com/girl/billie-jo/", "https://im0.imgcm.com/img-pornstars/billiejo.jpg", "Billie Jo"], "angel_rivas": ["https://www.cumlouder.com/girl/angel-rivas/", "https://im0.imgcm.com/img-pornstars/angelrivas.jpg", "Angel Rivas"], "summer_day": ["https://www.cumlouder.com/girl/summer-day/", "https://im0.imgcm.com/img-pornstars/summerday.jpg", "Summer Day"], "kayla_carrera": ["https://www.cumlouder.com/girl/kayla-carrera/", "https://im0.imgcm.com/img-pornstars/kaylacarrera.jpg", "Kayla Carrera"], "emy_reyes": ["https://www.cumlouder.com/girl/emy-reyes/", "https://im0.imgcm.com/img-pornstars/emyreyes.jpg", "Emy Reyes"], "van": ["https://www.cumlouder.com/porn-videos/van/?show=cumlouder", "https://im0.imgcm.com/img-categories/cat-77.jpg", "Van"], "tantric": ["https://www.cumlouder.com/porn-videos/tantric/?show=cumlouder", "https://im0.imgcm.com/img-categories/cat-80.jpg", "Tantric"], "valentina_nappi": ["https://www.cumlouder.com/girl/valentina-nappi/", "https://im0.imgcm.com/img-pornstars/valentinanappi.jpg", "Valentina Nappi"], "amalia_patricia": ["https://www.cumlouder.com/girl/amalia-patricia/", "https://im0.imgcm.com/img-pornstars/amaliapatricia.jpg", "Amalia Patricia"], "jordan_perry": ["https://www.cumlouder.com/girl/jordan-perry/", "https://im0.imgcm.com/img-pornstars/jordanperry.jpg", "Jordan Perry"], "nadia_fern\u00e1ndez": ["https://www.cumlouder.com/girl/nadia-fernandez/", "https://im0.imgcm.com/img-pornstars/nadiafernandez.jpg", "Nadia Fern\u00e1ndez"], "marica_hase": ["https://www.cumlouder.com/girl/marica-hase/", "https://im0.imgcm.com/img-pornstars/maricahase.jpg", "Marica Hase"], "claudia_s\u00e1nchez": ["https://www.cumlouder.com/girl/claudia-sanchez/", "https://im0.imgcm.com/img-pornstars/claudiasanchez.jpg", "Claudia S\u00e1nchez"], "kitana_lure": ["https://www.cumlouder.com/girl/kitana-lure/", "https://im0.imgcm.com/img-pornstars/kitanalure.jpg", "Kitana Lure"], "aleska_diamond": ["https://www.cumlouder.com/girl/aleska-diamond/", "https://im0.imgcm.com/img-pornstars/aleskadiamond.jpg", "Aleska Diamond"], "mar_punch": ["https://www.cumlouder.com/girl/mar-punch/", "https://im0.imgcm.com/img-pornstars/marpunch.jpg", "Mar Punch"], "ivana_sugar": ["https://www.cumlouder.com/girl/ivana-sugar/", "https://im0.imgcm.com/img-pornstars/ivanasugar.jpg", "Ivana Sugar"], "sheima": ["https://www.cumlouder.com/girl/sheima/", "https://im0.imgcm.com/img-pornstars/sheima.jpg", "Sheima"], "amateur": ["https://www.cumlouder.com/porn-videos/amateur/?show=cumlouder", "https://im0.imgcm.com/img-categories/cat-66.jpg", "Amateur"], "alicia_poz": ["https://www.cumlouder.com/girl/alicia-poz/", "https://im0.imgcm.com/img-pornstars/aliciapoz.jpg", "Alicia Poz"], "luna_corazon": ["https://www.cumlouder.com/girl/luna-corazon/", "https://im0.imgcm.com/img-pornstars/lunacorazon.jpg", "Luna Corazon"], "alanna_anderson": ["https://www.cumlouder.com/girl/alanna-anderson/", "https://im0.imgcm.com/img-pornstars/alanaanderson.jpg", "Alanna Anderson"], "kyra_hot": ["https://www.cumlouder.com/girl/kyra-hot/", "https://im0.imgcm.com/img-pornstars/kyrahot.jpg", "Kyra Hot"], "mey_madness": ["https://www.cumlouder.com/girl/mey-madness/", "https://im0.imgcm.com/img-pornstars/meymadness.jpg", "Mey Madness"], "russian": ["https://www.cumlouder.com/porn-videos/russian/?show=cumlouder", "https://im0.imgcm.com/img-categories/cat-76.jpg", "Russian"], "cumfail": ["https://www.cumlouder.com/porn-videos/cumfail/?show=cumlouder", "https://im0.imgcm.com/img-categories/cat-148.jpg", "Cumfail"], "natural_tits": ["https://www.cumlouder.com/porn-videos/natural-tits/?show=cumlouder", "https://im0.imgcm.com/img-categories/cat-9.jpg", "Natural Tits"], "miyuki": ["https://www.cumlouder.com/girl/miyuki/", "https://im0.imgcm.com/img-pornstars/miyuki.jpg", "Miyuki"], "karina_grand": ["https://www.cumlouder.com/girl/karina-grand/", "https://im0.imgcm.com/img-pornstars/karinagrand.jpg", "Karina Grand"], "yasmin_cali": ["https://www.cumlouder.com/girl/yasmin-cali/", "https://im0.imgcm.com/img-pornstars/yasmincali.jpg", "Yasmin Cali"], "mature": ["https://www.cumlouder.com/porn-videos/mature/?show=cumlouder", "https://im0.imgcm.com/img-categories/cat-32.jpg", "Mature"], "adriana_luna": ["https://www.cumlouder.com/girl/adriana-luna/", "https://im0.imgcm.com/img-pornstars/adrianaluna.jpg", "Adriana Luna"], "big_tits": ["https://www.cumlouder.com/porn-videos/big-tits/?show=cumlouder", "https://im0.imgcm.com/img-categories/cat-147.jpg", "Big Tits"], "aletta_ocean": ["https://www.cumlouder.com/girl/aletta-ocean/", "https://im0.imgcm.com/img-pornstars/alettaocean.jpg", "Aletta Ocean"], "daniela_dadivoso": ["https://www.cumlouder.com/girl/daniela-dadivoso/", "https://im0.imgcm.com/img-pornstars/danieladadivoso.jpg", "Daniela Dadivoso"], "freak": ["https://www.cumlouder.com/porn-videos/freak/?show=cumlouder", "https://im0.imgcm.com/img-categories/cat-71.jpg", "Freak"], "lady_pink": ["https://www.cumlouder.com/girl/lady-pink/", "https://im0.imgcm.com/img-pornstars/ladypink.jpg", "Lady Pink"], "carla_pons": ["https://www.cumlouder.com/girl/carla-pons/", "https://im0.imgcm.com/img-pornstars/carlapons.jpg", "Carla Pons"], "jenaveve_jolie": ["https://www.cumlouder.com/girl/jenaveve-jolie/", "https://im0.imgcm.com/img-pornstars/jenavevejolie.jpg", "Jenaveve Jolie"], "kiara_lord": ["https://www.cumlouder.com/girl/kiara-lord/", "https://im0.imgcm.com/img-pornstars/kiaralord.jpg", "Kiara Lord"], "chav": ["https://www.cumlouder.com/porn-videos/chav/?show=cumlouder", "https://im0.imgcm.com/img-categories/cat-38.jpg", "Chav"], "barcelona": ["https://www.cumlouder.com/porn-videos/barcelona/?show=cumlouder", "https://im0.imgcm.com/img-categories/cat-50.jpg", "Barcelona"], "violet_vasquez": ["https://www.cumlouder.com/girl/violet-vasquez/", "https://im0.imgcm.com/img-pornstars/violetvasquez.jpg", "Violet Vasquez"], "noemilk": ["https://www.cumlouder.com/girl/noemilk/", "https://im0.imgcm.com/img-pornstars/noemilk.jpg", "Noemilk"], "misty_stone": ["https://www.cumlouder.com/girl/misty-stone/", "https://im0.imgcm.com/img-pornstars/mistystone.jpg", "Misty Stone"], "claudia_bomb": ["https://www.cumlouder.com/girl/claudia-bomb/", "https://im0.imgcm.com/img-pornstars/claudiabomb.jpg", "Claudia Bomb"], "footjob": ["https://www.cumlouder.com/porn-videos/footjob/?show=cumlouder", "https://im0.imgcm.com/img-categories/cat-139.jpg", "Footjob"], "stevie_shae": ["https://www.cumlouder.com/girl/stevie-shae/", "https://im0.imgcm.com/img-pornstars/stevieshae.jpg", "Stevie Shae"], "leyla_black": ["https://www.cumlouder.com/girl/leyla-black/", "https://im0.imgcm.com/img-pornstars/leylablack.jpg", "Leyla Black"], "lovenia_lux": ["https://www.cumlouder.com/girl/lovenia-lux/", "https://im0.imgcm.com/img-pornstars/lovenia-lux.jpg", "Lovenia Lux"], "reality": ["https://www.cumlouder.com/porn-videos/reality/?show=cumlouder", "https://im0.imgcm.com/img-categories/cat-74.jpg", "Reality"], "susana_alcal\u00e1": ["https://www.cumlouder.com/girl/susana-alcala/", "https://im0.imgcm.com/img-pornstars/susanaalcala.jpg", "Susana Alcal\u00e1"], "yaiza_del_mar": ["https://www.cumlouder.com/girl/yaiza-del-mar/", "https://im0.imgcm.com/img-pornstars/yaizadelmar.jpg", "Yaiza Del Mar"], "leyre_paj\u00f3n": ["https://www.cumlouder.com/girl/leyre-pajon/", "https://im0.imgcm.com/img-pornstars/leyrepajon.jpg", "Leyre Paj\u00f3n"], "nikyta": ["https://www.cumlouder.com/girl/nikyta/", "https://im0.imgcm.com/img-pornstars/nikyta.jpg", "Nikyta"], "sof\u00eda_prada": ["https://www.cumlouder.com/girl/sofia-prada/", "https://im0.imgcm.com/img-pornstars/sofiaprada.jpg", "Sof\u00eda Prada"], "eli_tetona": ["https://www.cumlouder.com/girl/eli-tetona/", "https://im0.imgcm.com/img-pornstars/elitetona.jpg", "Eli Tetona"], "tina_kay": ["https://www.cumlouder.com/girl/tina-kay/", "https://im0.imgcm.com/img-pornstars/tinakay.jpg", "Tina Kay"], "carla_cruz": ["https://www.cumlouder.com/girl/carla-cruz/", "https://im0.imgcm.com/img-pornstars/carlacruz.jpg", "Carla Cruz"], "anal": ["https://www.cumlouder.com/porn-videos/anal/?show=cumlouder", "https://im0.imgcm.com/img-categories/cat-48.jpg", "Anal"], "shannya_tweeks": ["https://www.cumlouder.com/girl/shannya-tweeks/", "https://im0.imgcm.com/img-pornstars/shannyatweeks.jpg", "Shannya Tweeks"], "laila_duarte": ["https://www.cumlouder.com/girl/laila-duarte/", "https://im0.imgcm.com/img-pornstars/lailaduarte.jpg", "Laila Duarte"], "lidya_rouge": ["https://www.cumlouder.com/girl/lidya-rouge/", "https://im0.imgcm.com/img-pornstars/lidyarouge.jpg", "Lidya Rouge"], "pool": ["https://www.cumlouder.com/porn-videos/pool/?show=cumlouder", "https://im0.imgcm.com/img-categories/cat-141.jpg", "Pool"], "jazmina_volc\u00e1n": ["https://www.cumlouder.com/girl/jazmina-volcan/", "https://im0.imgcm.com/img-pornstars/jazminavolcan.jpg", "Jazmina Volc\u00e1n"], "salom\u00e9": ["https://www.cumlouder.com/girl/salome/", "https://im0.imgcm.com/img-pornstars/salome.jpg", "Salom\u00e9"], "paola_guerra": ["https://www.cumlouder.com/girl/paola-guerra/", "https://im0.imgcm.com/img-pornstars/paola-guerra.jpg", "Paola Guerra"], "lexi_belle": ["https://www.cumlouder.com/girl/lexi-belle/", "https://im0.imgcm.com/img-pornstars/lexibelle.jpg", "Lexi Belle"], "sheila_ortega": ["https://www.cumlouder.com/girl/sheila-ortega/", "https://im0.imgcm.com/img-pornstars/sheilaortega.jpg", "Sheila Ortega"], "lee_tomahawk": ["https://www.cumlouder.com/girl/lee-tomahawk/", "https://im0.imgcm.com/img-pornstars/leetomahawk.jpg", "Lee Tomahawk"], "candi_coxx": ["https://www.cumlouder.com/girl/candi-coxx/", "https://im0.imgcm.com/img-pornstars/candicoxx.jpg", "Candi Coxx"], "dulce_mariposa": ["https://www.cumlouder.com/girl/dulce-mariposa/", "https://im0.imgcm.com/img-pornstars/dulcemariposa.jpg", "Dulce Mariposa"], "jordanne_kali": ["https://www.cumlouder.com/girl/jordanne-kali/", "https://im0.imgcm.com/img-pornstars/jordannekali.jpg", "Jordanne Kali"], "julia_roca": ["https://www.cumlouder.com/girl/julia-roca/", "https://im0.imgcm.com/img-pornstars/juliaroca.jpg", "Julia Roca"], "alexa_nasha": ["https://www.cumlouder.com/girl/alexa-nasha/", "https://im0.imgcm.com/img-pornstars/alexanasha.jpg", "Alexa Nasha"], "nancy_hot": ["https://www.cumlouder.com/girl/nancy-hot/", "https://im0.imgcm.com/img-pornstars/nancyhot.jpg", "Nancy Hot"]}