<?xml version="1.0" encoding="UTF-8" standalone="yes"?>

	<addon id="repository.barosi" name="kokobarasi Respository" version="1.0.0" provider-name="kokobarasi">
		<extension point="xbmc.addon.repository" name="kokobarasi Respository">
			<dir>
				<info compressed="false">https://raw.githubusercontent.com/kokobarasi/repository.barosi/main/zips/addons.xml</info>
				<checksum>https://raw.githubusercontent.com/kokobarasi/repository.barosi/main/zips/addons.xml.md5</checksum>
				<datadir zip="true">https://raw.githubusercontent.com/kokobarasi/repository.barosi/main/zips/</datadir>
			</dir>
		</extension>
		<extension point="xbmc.addon.metadata">
			<summary>kokobarasi Respository for Kodi</summary>
			<description>Respository for streaming Add-ons of adult contents</description>
			<platform>all</platform>
			<assets>
				<icon>icon.png</icon>
				<fanart>fanart.jpg</fanart>
			</assets>
		</extension>
	</addon>

